UID	dnNameType	LAST NAME	FIRST NAME	ALIAS	ALTERNATIVE SPELLING	CATEGORY	TITLE	SUB-CATEGORY	POSITION	AGE	DOB	DOBS	PLACE OF BIRTH	DECEASED	PASSPORTS	SSN	IDENTIFICATION NUMBERS	LOCATIONS	COUNTRIES	CITIZENSHIP	E/I	dnCity	dnState	dnCountry	ENTERED	UPDATED	EDITOR	AGE DATE (AS OF DATE)	KEYWORDS
1212629	Primary	SAM MA 2				VESSEL											{INT-IMO}8106496	~,~	UNKNOWN	UNKNOWN	E					2019/07/29			EU~EU-DPRK
1221177	Primary	SAN COSMAS				VESSEL											{INT-IMO}9274343	~,~	UNKNOWN	UNKNOWN	E					2025/08/05			EUFSR-RUS~EUFSR-RUS-VES
1221183	Primary	SAN DAMIAN				VESSEL											{INT-IMO}9274331	~,~	UNKNOWN	UNKNOWN	E					2025/08/05			EUFSR-RUS~EUFSR-RUS-VES
1263255	Primary	WOORY STAR				VESSEL											{INT-IMO}8408595	~,~	UNKNOWN	UNKNOWN	E					2019/07/29			EU~EU-DPRK
1429859	Primary	CHON MYONG 1				VESSEL											{INT-IMO}8712362	~,~	UNKNOWN	UNKNOWN	E					2019/07/29			EU~EU-DPRK
1432959	Primary	SAM JONG 1				VESSEL											{INT-IMO}8405311	~,~	UNKNOWN	UNKNOWN	E					2019/07/29			EU~EU-DPRK
1453848	Primary	GT HONOR				VESSEL											{INT-IMO}9258478	~,~	UNKNOWN	UNKNOWN	E					2025/12/18			EUFSR-RUS~EUFSR-RUS-VES
1453990	Primary	DELVINA				VESSEL											{INT-IMO}9331153	~,~	UNKNOWN	UNKNOWN	E					2025/08/05			EUFSR-RUS~EUFSR-RUS-VES
1453990	Alias	DELVINA		Galian 2		VESSEL											{INT-IMO}9331153	~,~	UNKNOWN	UNKNOWN	E					2025/08/05			EUFSR-RUS~EUFSR-RUS-VES
1456713	Primary	KELLY GRACE				VESSEL											{INT-IMO}9331141	~,~	UNKNOWN	UNKNOWN	E					2025/08/05			EUFSR-RUS~EUFSR-RUS-VES
1456713	Alias	KELLY GRACE		Vela Rain		VESSEL											{INT-IMO}9331141	~,~	UNKNOWN	UNKNOWN	E					2025/08/05			EUFSR-RUS~EUFSR-RUS-VES
1561968	Primary	JI SONG 8				VESSEL											{INT-IMO}8503228	~,~	UNKNOWN	UNKNOWN	E					2019/08/14			EU~EU-DPRK
1563830	Primary	NAM SAN 8				VESSEL											{INT-IMO}8122347	~,~	UNKNOWN	UNKNOWN	E					2019/07/26			EU~EU-DPRK
1566410	Primary	MONTE BIANCO				VESSEL											{INT-IMO}9385233	~,~	UNKNOWN	UNKNOWN	E					2025/08/05			EUFSR-RUS~EUFSR-RUS-VES
1566410	Alias	MONTE BIANCO		San Severus		VESSEL											{INT-IMO}9385233	~,~	UNKNOWN	UNKNOWN	E					2025/08/05			EUFSR-RUS~EUFSR-RUS-VES
2029896	Primary	AN SAN 1				VESSEL											{INT-IMO}7303803	~,~	UNKNOWN	UNKNOWN	E					2019/11/29			EU~EU-DPRK
2031965	Primary	JI SONG 6				VESSEL											{INT-IMO}8898740	~,~	UNKNOWN	UNKNOWN	E					2019/11/29			EU~EU-DPRK
2035534	Primary	YU JONG 2				VESSEL											{INT-IMO}8604917	~,~	UNKNOWN	UNKNOWN	E					2019/11/29			EU~EU-DPRK
2267997	Primary	CHON MA SAN				VESSEL											{INT-IMO}8660313	~,~	UNKNOWN	UNKNOWN	E					2019/12/03			EU~EU-DPRK
2271528	Primary	HAP JANG GANG 6				VESSEL											{INT-IMO}9066540	~,~	UNKNOWN	UNKNOWN	E					2019/12/04			EU~EU-DPRK
2456009	Primary	CALLISTO				VESSEL											{INT-IMO}9299692	~,~	UNKNOWN	UNKNOWN	E					2025/08/05			EUFSR-RUS~EUFSR-RUS-VES
2833899	Primary	RUNG RA 2				VESSEL											{INT-IMO}9020534	~,~	UNKNOWN	UNKNOWN	E					2019/12/05			EU~EU-DPRK
2957285	Primary	FAN KE				VESSEL											{INT-IMO}8914934	~,~	UNKNOWN	UNKNOWN	E					2019/12/06			EU~EU-DPRK
3266755	Primary	STALINGRAD				VESSEL											{INT-IMO}9690212	~,~	UNKNOWN	UNKNOWN	E					2026/04/24			EUFSR-RUS~EUFSR-RUS-VES
3284971	Primary	YAZ				VESSEL											{INT-IMO}9735323	~,~	UNKNOWN	UNKNOWN	E					2025/10/23			EUFSR-RUS~EUFSR-RUS-VES
3284978	Primary	SIG				VESSEL											{INT-IMO}9735335	~,~	UNKNOWN	UNKNOWN	E					2026/04/24			EUFSR-RUS~EUFSR-RUS-VES
3284992	Primary	TRUVOR				VESSEL											{INT-IMO}9676230	~,~	UNKNOWN	UNKNOWN	E					2026/04/24			EUFSR-RUS~EUFSR-RUS-VES
3379954	Primary	PAEK MA				VESSEL											{INT-IMO}9066978	~,~	UNKNOWN	UNKNOWN	E					2019/12/10			EU~EU-DPRK
3416573	Primary	UL JI BONG 6				VESSEL											{INT-IMO}9114555	~,~	UNKNOWN	UNKNOWN	E					2019/12/10			EU~EU-DPRK
3455571	Primary	TONG SAN 2				VESSEL											{INT-IMO}8937675;{UNK-MMSI}445539000	~,~	UNKNOWN	UNKNOWN	E					2020/12/11			EU~EU-DPRK
3500416	Primary	JIE SHUN				VESSEL											{INT-IMO}8518780;{UNK-MMSI}514569000	~,~	UNKNOWN	UNKNOWN	E					2020/12/11			EU~EU-DPRK
3604563	Primary	PETREL 8				VESSEL											{INT-IMO}9562233;{UNK-MMSI}620233000	~,~	UNKNOWN	UNKNOWN	E					2020/12/10			EU~EU-DPRK
3604598	Primary	HAO FAN 6				VESSEL											{INT-IMO}8628597;{UNK-MMSI}341985000	~,~	UNKNOWN	UNKNOWN	E					2020/12/10			EU~EU-DPRK
3619420	Primary	YU SON				VESSEL											{INT-IMO}8691702	~,~	UNKNOWN	UNKNOWN	E					2019/12/13			EU~EU-DPRK
3619487	Primary	YU PHYONG 5				VESSEL											{INT-IMO}8605026	~,~	UNKNOWN	UNKNOWN	E					2019/12/13			EU~EU-DPRK
3661132	Primary	KUM UN SAN 3				VESSEL											{INT-IMO}8705539	~,~	UNKNOWN	UNKNOWN	E					2019/12/17			EU~EU-DPRK
3661157	Primary	RYE SONG GANG 1				VESSEL											{INT-IMO}7389704	~,~	UNKNOWN	UNKNOWN	E					2019/12/17			EU~EU-DPRK
3681123	Primary	SAM JONG 2				VESSEL											{INT-IMO}7408873	~,~	UNKNOWN	UNKNOWN	E					2019/12/17			EU~EU-DPRK
3719589	Primary	BILLIONS NO. 18				VESSEL											{INT-IMO}9191773	~,~	UNKNOWN	UNKNOWN	E					2019/12/17			EU~EU-DPRK
3719660	Primary	KOTI				VESSEL											{INT-IMO}9417115	~,~	UNKNOWN	UNKNOWN	E					2019/12/17			EU~EU-DPRK
3762631	Primary	JIN HYE				VESSEL											{INT-IMO}8518572	~,~	UNKNOWN	UNKNOWN	E					2019/12/18			EU~EU-DPRK
3802353	Primary	YUK TUNG				VESSEL											{INT-IMO}9030591	~,~	UNKNOWN	UNKNOWN	E					2019/12/19			EU~EU-DPRK
3802387	Primary	XIN GUANG HAI				VESSEL											{INT-IMO}9004700	~,~	UNKNOWN	UNKNOWN	E					2019/12/19			EU~EU-DPRK
3802388	Primary	ASIA BRIDGE 1				VESSEL											{INT-IMO}8916580	~,~	UNKNOWN	UNKNOWN	E					2019/12/19			EU~EU-DPRK
3802410	Primary	DONG FENG 6				VESSEL											{INT-IMO}9008201	~,~	UNKNOWN	UNKNOWN	E					2019/12/19			EU~EU-DPRK
3802412	Primary	HAO FAN 2				VESSEL											{INT-IMO}8747604	~,~	UNKNOWN	UNKNOWN	E					2019/12/19			EU~EU-DPRK
3802428	Primary	HUA FU				VESSEL											{INT-IMO}9020003	~,~	UNKNOWN	UNKNOWN	E					2019/12/20			EU~EU-DPRK
3998785	Primary	WAN HENG 11				VESSEL											{INT-IMO}8791667	~,~	KOREA, NORTH	KOREA, NORTH	E					2025/10/13			EU~EU-DPRK
3998785	Alias	WAN HENG 11		KUMJINGANG3		VESSEL											{INT-IMO}8791667	~,~	KOREA, NORTH	KOREA, NORTH	E					2025/10/13			EU~EU-DPRK
3998785	Alias	WAN HENG 11		Kum Jin Gang 3		VESSEL											{INT-IMO}8791667	~,~	KOREA, NORTH	KOREA, NORTH	E					2025/10/13			EU~EU-DPRK
4523629	Primary	SHANG YUAN BAO				VESSEL											{INT-IMO}8126070	~,~	UNKNOWN	UNKNOWN	E					2019/12/23			EU~EU-DPRK
4523705	Primary	NEW REGENT				VESSEL											{INT-IMO}8312497	~,~	UNKNOWN	UNKNOWN	E					2019/12/23			EU~EU-DPRK
4629310	Primary	KARAKUZ				VESSEL											{INT-IMO}9621558	~,~	UNKNOWN	UNKNOWN	E					2026/04/24			EUFSR-RUS~EUFSR-RUS-VES
4866883	Primary	DANSHUI				VESSEL											{INT-IMO}9589750	~,~	UNKNOWN	UNKNOWN	E					2025/08/07			EUFSR-RUS~EUFSR-RUS-VES
5135659	Primary	AURA				VESSEL											{INT-IMO}9624316	~,~	UNKNOWN	UNKNOWN	E					2025/08/08			EUFSR-RUS~EUFSR-RUS-VES
5287585	Primary	YI TONG				VESSEL											{INT-IMO}9259733	~,~	UNKNOWN	UNKNOWN	E					2025/08/07			EUFSR-RUS~EUFSR-RUS-VES
5287778	Primary	ETERNAL PEACE				VESSEL											{INT-IMO}9259745	~,~	UNKNOWN	UNKNOWN	E					2025/08/07			EUFSR-RUS~EUFSR-RUS-VES
5287901	Primary	FACCA				VESSEL											{INT-IMO}9271951	~,~	UNKNOWN	UNKNOWN	E					2025/08/06			EUFSR-RUS~EUFSR-RUS-VES
5315279	Primary	UNICA				VESSEL											{INT-IMO}8514306	~,~	UNKNOWN	UNKNOWN	E					2023/05/29			EU~EU-DPRK
5315279	Alias	UNICA		Unica		VESSEL											{INT-IMO}8514306	~,~	UNKNOWN	UNKNOWN	E					2023/05/29			EU~EU-DPRK
5318987	Primary	NEW KONK				VESSEL											{INT-IMO}9036387	~,~	UNKNOWN	UNKNOWN	E					2023/05/29			EU~EU-DPRK
5318987	Alias	NEW KONK		New Konk		VESSEL											{INT-IMO}9036387	~,~	UNKNOWN	UNKNOWN	E					2023/05/29			EU~EU-DPRK
5354049	Primary	CHRISTOPHE DE MARGERIE				VESSEL											{INT-IMO}9737187	~,~	UNKNOWN	UNKNOWN	E					2025/08/05			EUFSR-RUS~EUFSR-RUS-VES
5810101	Primary	UNITY				VESSEL											{INT-IMO}9388792	~,~	UNKNOWN	UNKNOWN	E					2025/08/06			EUFSR-RUS~EUFSR-RUS-VES
5837121	Primary	ALISSA				VESSEL											{INT-IMO}9273052	~,~	UNKNOWN	UNKNOWN	E					2025/08/05			EUFSR-RUS~EUFSR-RUS-VES
5940652	Primary	SKY RIDER				VESSEL											{INT-IMO}9208124	~,~	UNKNOWN	UNKNOWN	E					2025/08/07			EUFSR-RUS~EUFSR-RUS-VES
6354374	Primary	TEMIRO				VESSEL											{INT-IMO}9209972	~,~	UNKNOWN	UNKNOWN	E					2025/08/06			EUFSR-RUS~EUFSR-RUS-VES
6532409	Primary	XANTHOS EOS				VESSEL											{INT-IMO}9231212	~,~	UNKNOWN	UNKNOWN	E					2025/08/05			EUFSR-RUS~EUFSR-RUS-VES
6532409	Alias	XANTHOS EOS		Mermar		VESSEL											{INT-IMO}9231212	~,~	UNKNOWN	UNKNOWN	E					2025/08/05			EUFSR-RUS~EUFSR-RUS-VES
6532437	Primary	ARGENT				VESSEL											{INT-IMO}9293002	~,~	UNKNOWN	UNKNOWN	E					2025/08/06			EUFSR-RUS~EUFSR-RUS-VES
6532437	Alias	ARGENT		Jaguar		VESSEL											{INT-IMO}9293002	~,~	UNKNOWN	UNKNOWN	E					2025/08/06			EUFSR-RUS~EUFSR-RUS-VES
6532474	Primary	QUARTANUS				VESSEL											{INT-IMO}9247443	~,~	UNKNOWN	UNKNOWN	E					2025/08/06			EUFSR-RUS~EUFSR-RUS-VES
6532474	Alias	QUARTANUS		Morpheus		VESSEL											{INT-IMO}9247443	~,~	UNKNOWN	UNKNOWN	E					2025/08/06			EUFSR-RUS~EUFSR-RUS-VES
6532552	Primary	IRON WAVE				VESSEL											{INT-IMO}9248796	~,~	UNKNOWN	UNKNOWN	E					2025/10/24			EUFSR-RUS~EUFSR-RUS-VES
6532671	Primary	UTAKI				VESSEL											{INT-IMO}9262924	~,~	UNKNOWN	UNKNOWN	E					2025/08/07			EUFSR-RUS~EUFSR-RUS-VES
6532724	Primary	BRIONT				VESSEL											{INT-IMO}9252955	~,~	UNKNOWN	UNKNOWN	E					2025/10/23			EUFSR-RUS~EUFSR-RUS-VES
6532883	Primary	ANDAMAN SKIES				VESSEL											{INT-IMO}9288693	~,~	UNKNOWN	UNKNOWN	E					2025/08/06			EUFSR-RUS~EUFSR-RUS-VES
6532958	Primary	THOTH				VESSEL											{INT-IMO}9164718	~,~	UNKNOWN	UNKNOWN	E					2025/10/23			EUFSR-RUS~EUFSR-RUS-VES
6541793	Primary	SAURI				VESSEL											{INT-IMO}9266475	~,~	UNKNOWN	UNKNOWN	E					2025/08/06			EUFSR-RUS~EUFSR-RUS-VES
6546288	Primary	VAYU 1				VESSEL											{INT-IMO}9290517	~,~	UNKNOWN	UNKNOWN	E					2025/08/07			EUFSR-RUS~EUFSR-RUS-VES
6546306	Primary	NP DIKSON				VESSEL											{INT-IMO}9255270	~,~	UNKNOWN	UNKNOWN	E					2025/12/18			EUFSR-RUS~EUFSR-RUS-VES
6546424	Primary	HUANG HE				VESSEL											{INT-IMO}9306627	~,~	UNKNOWN	UNKNOWN	E					2025/08/06			EUFSR-RUS~EUFSR-RUS-VES
6546458	Primary	HUNTER STAR				VESSEL											{INT-IMO}9830769	~,~	UNKNOWN	UNKNOWN	E					2025/08/05			EUFSR-RUS~EUFSR-RUS-VES
6546512	Primary	CARIA KA				VESSEL											{INT-IMO}9327360	~,~	UNKNOWN	UNKNOWN	E					2025/08/07			EUFSR-RUS~EUFSR-RUS-VES
6546682	Primary	LUNAR TIDE				VESSEL											{INT-IMO}9277735	~,~	UNKNOWN	UNKNOWN	E					2025/08/05			EUFSR-RUS~EUFSR-RUS-VES
6546682	Alias	LUNAR TIDE		Beks Aqua		VESSEL											{INT-IMO}9277735	~,~	UNKNOWN	UNKNOWN	E					2025/08/05			EUFSR-RUS~EUFSR-RUS-VES
6546827	Primary	AZURE				VESSEL											{INT-IMO}9387255	~,~	UNKNOWN	UNKNOWN	E					2025/10/23			EUFSR-RUS~EUFSR-RUS-VES
6554374	Primary	NOVA ENERGY				VESSEL											{INT-IMO}9324277	~,~	UNKNOWN	UNKNOWN	E					2025/08/08			EUFSR-RUS~EUFSR-RUS-VES
6554420	Primary	ZAID				VESSEL											{INT-IMO}9715270	~,~	UNKNOWN	UNKNOWN	E					2025/12/18			EUFSR-RUS~EUFSR-RUS-VES
6554472	Primary	SAMSUN				VESSEL											{INT-IMO}9436006	~,~	UNKNOWN	UNKNOWN	E					2025/08/07			EUFSR-RUS~EUFSR-RUS-VES
6560351	Primary	ROZMARINE				VESSEL											{INT-IMO}9250531	~,~	UNKNOWN	UNKNOWN	E					2025/08/06			EUFSR-RUS~EUFSR-RUS-VES
6561036	Primary	BONIFACY				VESSEL											{INT-IMO}9284726	~,~	UNKNOWN	UNKNOWN	E					2025/08/07			EUFSR-RUS~EUFSR-RUS-VES
6578908	Primary	AQUILLA II				VESSEL											{INT-IMO}9281152	~,~	UNKNOWN	UNKNOWN	E					2025/10/23			EUFSR-RUS~EUFSR-RUS-VES
6578912	Primary	NEW POWER				VESSEL											{INT-IMO}9266853	~,~	UNKNOWN	UNKNOWN	E					2025/08/07			EUFSR-RUS~EUFSR-RUS-VES
6578989	Primary	CARL				VESSEL											{INT-IMO}9288851	~,~	UNKNOWN	UNKNOWN	E					2025/08/06			EUFSR-RUS~EUFSR-RUS-VES
6579383	Primary	WILMA II				VESSEL											{INT-IMO}9247431	~,~	UNKNOWN	UNKNOWN	E					2025/08/06			EUFSR-RUS~EUFSR-RUS-VES
6579469	Primary	MATROS KOSHKA				VESSEL											{INT-IMO}9550137	~,~	UNKNOWN	UNKNOWN	E					2025/12/18			EUFSR-RUS~EUFSR-RUS-VES
6580044	Primary	FIESTA				VESSEL											{INT-IMO}9260823	~,~	UNKNOWN	UNKNOWN	E					2025/08/07			EUFSR-RUS~EUFSR-RUS-VES
6592794	Primary	KATRAN				VESSEL											{INT-IMO}9260275	~,~	UNKNOWN	UNKNOWN	E					2025/08/08			EUFSR-RUS~EUFSR-RUS-VES
6592953	Primary	C VIKING				VESSEL											{INT-IMO}9261657	~,~	UNKNOWN	UNKNOWN	E					2025/10/24			EUFSR-RUS~EUFSR-RUS-VES
6623672	Primary	ODUNE				VESSEL											{INT-IMO}9229374	~,~	UNKNOWN	UNKNOWN	E					2025/08/07			EUFSR-RUS~EUFSR-RUS-VES
6623694	Primary	SPUTNIK ENERGY				VESSEL											{INT-IMO}9256602	~,~	UNKNOWN	UNKNOWN	E					2025/08/05			EUFSR-RUS~EUFSR-RUS-VES
6623694	Alias	SPUTNIK ENERGY		Pioneer		VESSEL											{INT-IMO}9256602	~,~	UNKNOWN	UNKNOWN	E					2025/08/05			EUFSR-RUS~EUFSR-RUS-VES
6623763	Primary	SAPPHIRE				VESSEL											{INT-IMO}9309576	~,~	UNKNOWN	UNKNOWN	E					2025/08/06			EUFSR-RUS~EUFSR-RUS-VES
6623763	Alias	SAPPHIRE		NS Silver		VESSEL											{INT-IMO}9309576	~,~	UNKNOWN	UNKNOWN	E					2025/08/06			EUFSR-RUS~EUFSR-RUS-VES
6623791	Primary	NIBLO				VESSEL											{INT-IMO}9332028	~,~	UNKNOWN	UNKNOWN	E					2025/08/07			EUFSR-RUS~EUFSR-RUS-VES
6624018	Primary	MIKHAIL NENASHEV				VESSEL											{INT-IMO}9515539	~,~	UNKNOWN	UNKNOWN	E					2025/12/18			EUFSR-RUS~EUFSR-RUS-VES
6665842	Primary	BRONCO				VESSEL											{INT-IMO}8808525	~,~	UNKNOWN	UNKNOWN	E					2025/10/23			EUFSR-RUS~EUFSR-RUS-VES
6696765	Primary	N CERNA				VESSEL											{INT-IMO}9289520	~,~	UNKNOWN	UNKNOWN	E					2025/08/05			EUFSR-RUS~EUFSR-RUS-VES
6696765	Alias	N CERNA		Canis Power		VESSEL											{INT-IMO}9289520	~,~	UNKNOWN	UNKNOWN	E					2025/08/05			EUFSR-RUS~EUFSR-RUS-VES
6697010	Primary	KIWALA				VESSEL											{INT-IMO}9332810	~,~	UNKNOWN	UNKNOWN	E					2025/08/06			EUFSR-RUS~EUFSR-RUS-VES
6697336	Primary	ANIKA				VESSEL											{INT-IMO}9417464	~,~	UNKNOWN	UNKNOWN	E					2026/04/24			EUFSR-RUS~EUFSR-RUS-VES
6697353	Primary	ONYX				VESSEL											{INT-IMO}9236640	~,~	UNKNOWN	UNKNOWN	E					2025/08/07			EUFSR-RUS~EUFSR-RUS-VES
6697400	Primary	MOTI				VESSEL											{INT-IMO}9281011	~,~	UNKNOWN	UNKNOWN	E					2025/08/06			EUFSR-RUS~EUFSR-RUS-VES
6697417	Primary	HANSON				VESSEL											{INT-IMO}9237412	~,~	UNKNOWN	UNKNOWN	E					2025/12/18			EUFSR-RUS~EUFSR-RUS-VES
6697443	Primary	VENETIANS				VESSEL											{INT-IMO}9436018	~,~	UNKNOWN	UNKNOWN	E					2025/08/07			EUFSR-RUS~EUFSR-RUS-VES
6697456	Primary	AMBER 6				VESSEL											{INT-IMO}9235713	~,~	UNKNOWN	UNKNOWN	E					2025/08/05			EUFSR-RUS~EUFSR-RUS-VES
6705080	Primary	ARMADA LEADER				VESSEL											{INT-IMO}9260483	~,~	UNKNOWN	UNKNOWN	E					2025/10/24			EUFSR-RUS~EUFSR-RUS-VES
6705169	Primary	ARMADA EXPLORER				VESSEL											{INT-IMO}9377042	~,~	UNKNOWN	UNKNOWN	E					2025/08/08			EUFSR-RUS~EUFSR-RUS-VES
6757633	Primary	SANRAYZ				VESSEL											{INT-IMO}8862935	~,~	UNKNOWN	UNKNOWN	E					2026/04/24			EUFSR-RUS~EUFSR-RUS-VES
6759251	Primary	NIZAMI GANJAVI				VESSEL											{INT-IMO}9369617	~,~	UNKNOWN	UNKNOWN	E					2025/08/08			EUFSR-RUS~EUFSR-RUS-VES
6760837	Primary	GENERAL SKOBELEV				VESSEL											{INT-IMO}9503304	~,~	UNKNOWN	UNKNOWN	E					2025/10/23			EUFSR-RUS~EUFSR-RUS-VES
6762473	Primary	IVAN KRAMSKOY				VESSEL											{INT-IMO}9640499	~,~	UNKNOWN	UNKNOWN	E					2025/10/23			EUFSR-RUS~EUFSR-RUS-VES
6762509	Primary	VOLGA RIVER				VESSEL											{INT-IMO}9435363	~,~	UNKNOWN	UNKNOWN	E					2025/08/06			EUFSR-RUS~EUFSR-RUS-VES
6762682	Primary	BAVLY				VESSEL											{INT-IMO}9621560	~,~	UNKNOWN	UNKNOWN	E					2025/10/23			EUFSR-RUS~EUFSR-RUS-VES
6791792	Primary	SERGEY TERSKOV				VESSEL											{INT-IMO}9637961	~,~	UNKNOWN	UNKNOWN	E					2025/08/08			EUFSR-RUS~EUFSR-RUS-VES
6791806	Primary	DMITRY POKROVSKY				VESSEL											{INT-IMO}9683726	~,~	UNKNOWN	UNKNOWN	E					2025/08/06			EUFSR-RUS~EUFSR-RUS-VES
6812532	Primary	ENISEY				VESSEL											{INT-IMO}9079169	~,~	UNKNOWN	UNKNOWN	E					2025/08/05			EUFSR-RUS~EUFSR-RUS-VES
6822421	Primary	THORIN				VESSEL											{INT-IMO}9330472	~,~	UNKNOWN	UNKNOWN	E					2025/08/07			EUFSR-RUS~EUFSR-RUS-VES
6822433	Primary	SURYA				VESSEL											{INT-IMO}9388742	~,~	UNKNOWN	UNKNOWN	E					2025/08/06			EUFSR-RUS~EUFSR-RUS-VES
6842369	Primary	GRACEP				VESSEL											{INT-IMO}9252967	~,~	UNKNOWN	UNKNOWN	E					2026/04/24			EUFSR-RUS~EUFSR-RUS-VES
6871526	Primary	SOUL				VESSEL											{INT-IMO}9263203	~,~	UNKNOWN	UNKNOWN	E					2025/08/06			EUFSR-RUS~EUFSR-RUS-VES
6871536	Primary	TEMPEST DREAM				VESSEL											{INT-IMO}9308132	~,~	UNKNOWN	UNKNOWN	E					2025/10/27			EUFSR-RUS~EUFSR-RUS-VES
6920168	Primary	MAIA-1				VESSEL											{INT-IMO}9358010	~,~	UNKNOWN	UNKNOWN	E					2025/08/05			EUFSR-RUS~EUFSR-RUS-VES
6927318	Primary	LADY R				VESSEL											{INT-IMO}9161003	~,~	UNKNOWN	UNKNOWN	E					2025/08/05			EUFSR-RUS~EUFSR-RUS-VES
6932090	Primary	ANGARA				VESSEL											{INT-IMO}9179842	~,~	UNKNOWN	UNKNOWN	E					2025/08/04			EUFSR-RUS~EUFSR-RUS-VES
6976421	Primary	LADY LEILA				VESSEL											{INT-IMO}9683740	~,~	UNKNOWN	UNKNOWN	E					2025/12/18			EUFSR-RUS~EUFSR-RUS-VES
6976423	Primary	LADY RANIA				VESSEL											{INT-IMO}9784893	~,~	UNKNOWN	UNKNOWN	E					2025/12/18			EUFSR-RUS~EUFSR-RUS-VES
6976424	Primary	LADY SEVDA				VESSEL											{INT-IMO}9683738	~,~	UNKNOWN	UNKNOWN	E					2025/12/18			EUFSR-RUS~EUFSR-RUS-VES
6990909	Primary	FLANDRIA				VESSEL											{INT-IMO}8414477	~,~	UNKNOWN	UNKNOWN	E					2025/10/23			EUFSR-RUS~EUFSR-RUS-VES
6990915	Primary	MARIA				VESSEL											{INT-IMO}8517839	~,~	UNKNOWN	UNKNOWN	E					2025/08/05			EUFSR-RUS~EUFSR-RUS-VES
6990990	Primary	RYAZAN				VESSEL											{INT-IMO}8915548	~,~	UNKNOWN	UNKNOWN	E					2025/10/23			EUFSR-RUS~EUFSR-RUS-VES
6990991	Primary	NOYABRSK				VESSEL											{INT-IMO}8915550	~,~	UNKNOWN	UNKNOWN	E					2025/10/23			EUFSR-RUS~EUFSR-RUS-VES
6990992	Primary	BERGEN T				VESSEL											{INT-IMO}8918540	~,~	UNKNOWN	UNKNOWN	E					2025/10/23			EUFSR-RUS~EUFSR-RUS-VES
6991039	Primary	BIRTHE THERESI				VESSEL											{INT-IMO}9083184	~,~	UNKNOWN	UNKNOWN	E					2025/10/23			EUFSR-RUS~EUFSR-RUS-VES
6991055	Primary	ASTORIA				VESSEL											{INT-IMO}9166314	~,~	UNKNOWN	UNKNOWN	E					2026/04/24			EUFSR-RUS~EUFSR-RUS-VES
6991056	Primary	MURMANSK				VESSEL											{INT-IMO}9167930	~,~	UNKNOWN	UNKNOWN	E					2025/12/18			EUFSR-RUS~EUFSR-RUS-VES
6991057	Primary	CILICIA				VESSEL											{INT-IMO}9171175	~,~	UNKNOWN	UNKNOWN	E					2025/08/06			EUFSR-RUS~EUFSR-RUS-VES
6991070	Primary	OLANGA				VESSEL											{INT-IMO}9286463	~,~	UNKNOWN	UNKNOWN	E					2025/12/18			EUFSR-RUS~EUFSR-RUS-VES
6991071	Primary	KORD ATLANTIC				VESSEL											{INT-IMO}9299161	~,~	UNKNOWN	UNKNOWN	E					2025/08/07			EUFSR-RUS~EUFSR-RUS-VES
6991072	Primary	SANAR-10				VESSEL											{INT-IMO}9300348	~,~	UNKNOWN	UNKNOWN	E					2026/04/24			EUFSR-RUS~EUFSR-RUS-VES
6991075	Primary	OMSK				VESSEL											{INT-IMO}9418509	~,~	UNKNOWN	UNKNOWN	E					2025/12/18			EUFSR-RUS~EUFSR-RUS-VES
6991076	Primary	GAZPROMNEFT NORDEAST				VESSEL											{INT-IMO}9422653	~,~	UNKNOWN	UNKNOWN	E					2025/12/18			EUFSR-RUS~EUFSR-RUS-VES
6991086	Primary	GAZPROMNEFT ZUID EAST				VESSEL											{INT-IMO}9537109	~,~	UNKNOWN	UNKNOWN	E					2025/10/23			EUFSR-RUS~EUFSR-RUS-VES
6991095	Primary	MATROS POZYNICH				VESSEL											{INT-IMO}9573816	~,~	UNKNOWN	UNKNOWN	E					2025/12/18			EUFSR-RUS~EUFSR-RUS-VES
6991109	Primary	KALUGA				VESSEL											{INT-IMO}9585924	~,~	UNKNOWN	UNKNOWN	E					2025/08/08			EUFSR-RUS~EUFSR-RUS-VES
6991110	Primary	MEGION				VESSEL											{INT-IMO}9590137	~,~	UNKNOWN	UNKNOWN	E					2025/10/23			EUFSR-RUS~EUFSR-RUS-VES
6991132	Primary	SANAR-15				VESSEL											{INT-IMO}9777670	~,~	UNKNOWN	UNKNOWN	E					2025/12/18			EUFSR-RUS~EUFSR-RUS-VES
7005280	Primary	AKHTY				VESSEL											{INT-IMO}9435337	~,~	UNKNOWN	UNKNOWN	E					2025/08/08			EUFSR-RUS~EUFSR-RUS-VES
7006304	Primary	IRTYSH RIVER				VESSEL											{INT-IMO}9435375	~,~	UNKNOWN	UNKNOWN	E					2025/08/06			EUFSR-RUS~EUFSR-RUS-VES
7013889	Primary	KAPITAN GOTSKY				VESSEL											{INT-IMO}9372559	~,~	UNKNOWN	UNKNOWN	E					2025/12/18			EUFSR-RUS~EUFSR-RUS-VES
7014444	Primary	NP DUDINKA				VESSEL											{INT-IMO}9183831	~,~	UNKNOWN	UNKNOWN	E					2025/08/07			EUFSR-RUS~EUFSR-RUS-VES
7014827	Primary	SPARTA				VESSEL											{INT-IMO}9268710	~,~	UNKNOWN	UNKNOWN	E					2026/04/24			EUFSR-RUS~EUFSR-RUS-VES
7017962	Primary	KIRILL LAVROV				VESSEL											{INT-IMO}9333682	~,~	UNKNOWN	UNKNOWN	E					2025/12/18			EUFSR-RUS~EUFSR-RUS-VES
7026998	Primary	AVIOR				VESSEL											{INT-IMO}9164512	~,~	UNKNOWN	UNKNOWN	E					2025/08/07			EUFSR-RUS~EUFSR-RUS-VES
7027478	Primary	SANAR-9				VESSEL											{INT-IMO}9300350	~,~	UNKNOWN	UNKNOWN	E					2025/12/18			EUFSR-RUS~EUFSR-RUS-VES
7028639	Primary	SANAR-14				VESSEL											{INT-IMO}9313589	~,~	UNKNOWN	UNKNOWN	E					2025/12/18			EUFSR-RUS~EUFSR-RUS-VES
7028921	Primary	KUPAVA				VESSEL											{INT-IMO}9749154	~,~	UNKNOWN	UNKNOWN	E					2025/08/06			EUFSR-RUS~EUFSR-RUS-VES
7034278	Primary	NIMBUS SPB				VESSEL											{INT-IMO}8821761	~,~	UNKNOWN	UNKNOWN	E					2025/08/07			EUFSR-RUS~EUFSR-RUS-VES
7039689	Primary	OPHELIA				VESSEL											{INT-IMO}8010427	~,~	UNKNOWN	UNKNOWN	E					2025/10/23			EUFSR-RUS~EUFSR-RUS-VES
7039762	Primary	VOLGONEFT 251				VESSEL											{INT-IMO}8231057	~,~	UNKNOWN	UNKNOWN	E					2025/08/08			EUFSR-RUS~EUFSR-RUS-VES
7039819	Primary	PARTIZANSK				VESSEL											{INT-IMO}8700096	~,~	UNKNOWN	UNKNOWN	E					2025/08/07			EUFSR-RUS~EUFSR-RUS-VES
7040044	Primary	VOLGONEFT 160				VESSEL											{INT-IMO}8867129	~,~	UNKNOWN	UNKNOWN	E					2025/08/08			EUFSR-RUS~EUFSR-RUS-VES
7040233	Primary	NORDSTRAUM				VESSEL											{INT-IMO}9036284	~,~	UNKNOWN	UNKNOWN	E					2025/10/23			EUFSR-RUS~EUFSR-RUS-VES
7040239	Primary	IMMANUEL				VESSEL											{INT-IMO}9056571	~,~	UNKNOWN	UNKNOWN	E					2025/08/07			EUFSR-RUS~EUFSR-RUS-VES
7040269	Primary	TAIMYR				VESSEL											{INT-IMO}9105140	~,~	UNKNOWN	UNKNOWN	E					2025/08/06			EUFSR-RUS~EUFSR-RUS-VES
7040279	Primary	OKEAN				VESSEL											{INT-IMO}9142916	~,~	UNKNOWN	UNKNOWN	E					2025/08/07			EUFSR-RUS~EUFSR-RUS-VES
7040283	Primary	ODIN				VESSEL											{INT-IMO}9151890	~,~	UNKNOWN	UNKNOWN	E					2025/08/07			EUFSR-RUS~EUFSR-RUS-VES
7040286	Primary	ARNO BABAJANYAN				VESSEL											{INT-IMO}9163764	~,~	UNKNOWN	UNKNOWN	E					2025/08/07			EUFSR-RUS~EUFSR-RUS-VES
7040297	Primary	ANABAR				VESSEL											{INT-IMO}9194012	~,~	UNKNOWN	UNKNOWN	E					2025/10/23			EUFSR-RUS~EUFSR-RUS-VES
7040302	Primary	PRIMORYE				VESSEL											{INT-IMO}9236743	~,~	UNKNOWN	UNKNOWN	E					2025/10/24			EUFSR-RUS~EUFSR-RUS-VES
7040348	Primary	JUPITER I				VESSEL											{INT-IMO}9599341	~,~	UNKNOWN	UNKNOWN	E					2026/04/24			EUFSR-RUS~EUFSR-RUS-VES
7040352	Primary	VF TANKER-3				VESSEL											{INT-IMO}9640516	~,~	UNKNOWN	UNKNOWN	E					2025/08/06			EUFSR-RUS~EUFSR-RUS-VES
7040353	Primary	VF TANKER-4				VESSEL											{INT-IMO}9640528	~,~	UNKNOWN	UNKNOWN	E					2025/08/06			EUFSR-RUS~EUFSR-RUS-VES
7040365	Primary	SATURN I				VESSEL											{INT-IMO}9655470	~,~	UNKNOWN	UNKNOWN	E					2025/08/06			EUFSR-RUS~EUFSR-RUS-VES
7040389	Primary	SHTURMAN SKURATOV				VESSEL											{INT-IMO}9759915	~,~	UNKNOWN	UNKNOWN	E					2025/08/07			EUFSR-RUS~EUFSR-RUS-VES
7040390	Primary	SHTURMAN SHCHERBININ				VESSEL											{INT-IMO}9759927	~,~	UNKNOWN	UNKNOWN	E					2025/12/18			EUFSR-RUS~EUFSR-RUS-VES
7040391	Primary	SHTURMAN KOSHELEV				VESSEL											{INT-IMO}9759939	~,~	UNKNOWN	UNKNOWN	E					2025/12/18			EUFSR-RUS~EUFSR-RUS-VES
7040396	Primary	VLADIMIR VINOGRADOV				VESSEL											{INT-IMO}9842188	~,~	UNKNOWN	UNKNOWN	E					2025/08/05			EUFSR-RUS~EUFSR-RUS-VES
7041581	Primary	ZAL PARS 3				VESSEL											{INT-IMO}9211896	~,~	UNKNOWN	UNKNOWN	E					2025/12/18			EUFSR-RUS~EUFSR-RUS-VES
7063421	Primary	SEA MAVERICK				VESSEL											{INT-IMO}9265885	~,~	UNKNOWN	UNKNOWN	E					2025/10/23			EUFSR-RUS~EUFSR-RUS-VES
7063534	Primary	THEMIS				VESSEL											{INT-IMO}9264570	~,~	UNKNOWN	UNKNOWN	E					2025/08/07			EUFSR-RUS~EUFSR-RUS-VES
7072583	Primary	LADOGA				VESSEL											{INT-IMO}9339313	~,~	UNKNOWN	UNKNOWN	E					2025/10/24			EUFSR-RUS~EUFSR-RUS-VES
7072592	Primary	ANDROMEDA				VESSEL											{INT-IMO}9292204	~,~	UNKNOWN	UNKNOWN	E					2025/08/05			EUFSR-RUS~EUFSR-RUS-VES
7072627	Primary	VEGA				VESSEL											{INT-IMO}9316127	~,~	UNKNOWN	UNKNOWN	E					2025/08/05			EUFSR-RUS~EUFSR-RUS-VES
7072696	Primary	LEGACY				VESSEL											{INT-IMO}9339337	~,~	UNKNOWN	UNKNOWN	E					2025/08/05			EUFSR-RUS~EUFSR-RUS-VES
7072696	Alias	LEGACY		NS Lotus		VESSEL											{INT-IMO}9339337	~,~	UNKNOWN	UNKNOWN	E					2025/08/05			EUFSR-RUS~EUFSR-RUS-VES
7072875	Primary	ANATOLY KOLODKIN				VESSEL											{INT-IMO}9610808	~,~	UNKNOWN	UNKNOWN	E					2025/08/06			EUFSR-RUS~EUFSR-RUS-VES
7072903	Primary	PACIFIC				VESSEL											{INT-IMO}9329667	~,~	UNKNOWN	UNKNOWN	E					2025/08/06			EUFSR-RUS~EUFSR-RUS-VES
7072940	Primary	PROXIMA				VESSEL											{INT-IMO}9329655	~,~	UNKNOWN	UNKNOWN	E					2025/08/07			EUFSR-RUS~EUFSR-RUS-VES
7073011	Primary	CAPTAIN KOSTICHEV				VESSEL											{INT-IMO}9301392	~,~	UNKNOWN	UNKNOWN	E					2025/08/05			EUFSR-RUS~EUFSR-RUS-VES
7073019	Primary	PROSPERITY				VESSEL											{INT-IMO}9322956	~,~	UNKNOWN	UNKNOWN	E					2025/08/06			EUFSR-RUS~EUFSR-RUS-VES
7073019	Alias	PROSPERITY		NS Pride		VESSEL											{INT-IMO}9322956	~,~	UNKNOWN	UNKNOWN	E					2025/08/06			EUFSR-RUS~EUFSR-RUS-VES
7073063	Primary	HYPERION				VESSEL											{INT-IMO}9322968	~,~	UNKNOWN	UNKNOWN	E					2025/08/06			EUFSR-RUS~EUFSR-RUS-VES
7073074	Primary	ECHO				VESSEL											{INT-IMO}9276030	~,~	UNKNOWN	UNKNOWN	E					2025/08/05			EUFSR-RUS~EUFSR-RUS-VES
7073074	Alias	ECHO		Elbrus		VESSEL											{INT-IMO}9276030	~,~	UNKNOWN	UNKNOWN	E					2025/08/05			EUFSR-RUS~EUFSR-RUS-VES
7073877	Primary	GEORGY MASLOV				VESSEL											{INT-IMO}9610793	~,~	UNKNOWN	UNKNOWN	E					2025/08/05			EUFSR-RUS~EUFSR-RUS-VES
7073903	Primary	KAZAN				VESSEL											{INT-IMO}9258002	~,~	UNKNOWN	UNKNOWN	E					2025/08/06			EUFSR-RUS~EUFSR-RUS-VES
7073920	Primary	GALAXY				VESSEL											{INT-IMO}9826902	~,~	UNKNOWN	UNKNOWN	E					2025/08/15			EUFSR-RUS~EUFSR-RUS-VES
7073944	Primary	KRYMSK				VESSEL											{INT-IMO}9270529	~,~	UNKNOWN	UNKNOWN	E					2025/08/05			EUFSR-RUS~EUFSR-RUS-VES
7073970	Primary	LEO				VESSEL											{INT-IMO}9412347	~,~	UNKNOWN	UNKNOWN	E					2025/08/05			EUFSR-RUS~EUFSR-RUS-VES
7073996	Primary	LIGOVSKY PROSPECT				VESSEL											{INT-IMO}9256066	~,~	UNKNOWN	UNKNOWN	E					2025/08/06			EUFSR-RUS~EUFSR-RUS-VES
7074020	Primary	LITEYNY PROSPECT				VESSEL											{INT-IMO}9256078	~,~	UNKNOWN	UNKNOWN	E					2025/10/24			EUFSR-RUS~EUFSR-RUS-VES
7074192	Primary	MIKHAIL LAZAREV				VESSEL											{INT-IMO}9837547	~,~	UNKNOWN	UNKNOWN	E					2026/04/24			EUFSR-RUS~EUFSR-RUS-VES
7074232	Primary	MIKHAIL ULYANOV				VESSEL											{INT-IMO}9333670	~,~	UNKNOWN	UNKNOWN	E					2026/04/24			EUFSR-RUS~EUFSR-RUS-VES
7074273	Primary	MERIDIAN				VESSEL											{INT-IMO}9511521	~,~	UNKNOWN	UNKNOWN	E					2025/08/05			EUFSR-RUS~EUFSR-RUS-VES
7074273	Alias	MERIDIAN		Moskovsky Prospect		VESSEL											{INT-IMO}9511521	~,~	UNKNOWN	UNKNOWN	E					2025/08/05			EUFSR-RUS~EUFSR-RUS-VES
7074295	Primary	NEVSKIY PROSPECT				VESSEL											{INT-IMO}9256054	~,~	UNKNOWN	UNKNOWN	E					2025/10/24			EUFSR-RUS~EUFSR-RUS-VES
7074322	Primary	NIKOLAY ZADORNOV				VESSEL											{INT-IMO}9901037	~,~	UNKNOWN	UNKNOWN	E					2025/08/05			EUFSR-RUS~EUFSR-RUS-VES
7074558	Primary	ZENITH				VESSEL											{INT-IMO}9610781	~,~	UNKNOWN	UNKNOWN	E					2025/08/05			EUFSR-RUS~EUFSR-RUS-VES
7074577	Primary	ATLAS				VESSEL											{INT-IMO}9413573	~,~	UNKNOWN	UNKNOWN	E					2025/08/06			EUFSR-RUS~EUFSR-RUS-VES
7074588	Primary	ANTARKTIKA				VESSEL											{INT-IMO}9413559	~,~	UNKNOWN	UNKNOWN	E					2025/10/23			EUFSR-RUS~EUFSR-RUS-VES
7074669	Primary	SAGA				VESSEL											{INT-IMO}9318553	~,~	UNKNOWN	UNKNOWN	E					2025/08/05			EUFSR-RUS~EUFSR-RUS-VES
7074669	Alias	SAGA		NS Spirit		VESSEL											{INT-IMO}9318553	~,~	UNKNOWN	UNKNOWN	E					2025/08/05			EUFSR-RUS~EUFSR-RUS-VES
7074713	Primary	ALTAIR				VESSEL											{INT-IMO}9413547	~,~	UNKNOWN	UNKNOWN	E					2025/08/05			EUFSR-RUS~EUFSR-RUS-VES
7074746	Primary	ALLIANCE				VESSEL											{INT-IMO}9413561	~,~	UNKNOWN	UNKNOWN	E					2025/08/05			EUFSR-RUS~EUFSR-RUS-VES
7074778	Primary	BOLERO				VESSEL											{INT-IMO}9412335	~,~	UNKNOWN	UNKNOWN	E					2025/08/05			EUFSR-RUS~EUFSR-RUS-VES
7075807	Primary	BELGOROD				VESSEL											{INT-IMO}9412359	~,~	UNKNOWN	UNKNOWN	E					2025/08/05			EUFSR-RUS~EUFSR-RUS-VES
7075821	Primary	BRATSK				VESSEL											{INT-IMO}9411020	~,~	UNKNOWN	UNKNOWN	E					2025/08/05			EUFSR-RUS~EUFSR-RUS-VES
7075831	Primary	KALININGRAD				VESSEL											{INT-IMO}9341067	~,~	UNKNOWN	UNKNOWN	E					2025/08/05			EUFSR-RUS~EUFSR-RUS-VES
7075845	Primary	KARELIYA				VESSEL											{INT-IMO}9306782	~,~	UNKNOWN	UNKNOWN	E					2025/08/06			EUFSR-RUS~EUFSR-RUS-VES
7075863	Primary	KOTLAS				VESSEL											{INT-IMO}9299719	~,~	UNKNOWN	UNKNOWN	E					2025/08/06			EUFSR-RUS~EUFSR-RUS-VES
7075875	Primary	CASSIOPEIA				VESSEL											{INT-IMO}9341081	~,~	UNKNOWN	UNKNOWN	E					2025/08/05			EUFSR-RUS~EUFSR-RUS-VES
7075907	Primary	KEMEROVO				VESSEL											{INT-IMO}9312884	~,~	UNKNOWN	UNKNOWN	E					2025/08/05			EUFSR-RUS~EUFSR-RUS-VES
7075933	Primary	CONSTELLATION				VESSEL											{INT-IMO}9306794	~,~	UNKNOWN	UNKNOWN	E					2025/08/05			EUFSR-RUS~EUFSR-RUS-VES
7075948	Primary	KOLOMNA				VESSEL											{INT-IMO}9341093	~,~	UNKNOWN	UNKNOWN	E					2025/08/07			EUFSR-RUS~EUFSR-RUS-VES
7075963	Primary	CAPELLA				VESSEL											{INT-IMO}9341079	~,~	UNKNOWN	UNKNOWN	E					2025/08/05			EUFSR-RUS~EUFSR-RUS-VES
7076050	Primary	KRASNOYARSK				VESSEL											{INT-IMO}9312896	~,~	UNKNOWN	UNKNOWN	E					2025/08/05			EUFSR-RUS~EUFSR-RUS-VES
7076092	Primary	LEVEL				VESSEL											{INT-IMO}9339325	~,~	UNKNOWN	UNKNOWN	E					2025/10/24			EUFSR-RUS~EUFSR-RUS-VES
7076141	Primary	NS LEADER				VESSEL											{INT-IMO}9339301	~,~	UNKNOWN	UNKNOWN	E					2025/08/06			EUFSR-RUS~EUFSR-RUS-VES
7076408	Primary	SYMPHONY				VESSEL											{INT-IMO}9309588	~,~	UNKNOWN	UNKNOWN	E					2025/08/06			EUFSR-RUS~EUFSR-RUS-VES
7076529	Primary	SERENADE				VESSEL											{INT-IMO}9318541	~,~	UNKNOWN	UNKNOWN	E					2025/08/05			EUFSR-RUS~EUFSR-RUS-VES
7076529	Alias	SERENADE		NS Stream		VESSEL											{INT-IMO}9318541	~,~	UNKNOWN	UNKNOWN	E					2025/08/05			EUFSR-RUS~EUFSR-RUS-VES
7076547	Primary	OLYMPUS				VESSEL											{INT-IMO}9511387	~,~	UNKNOWN	UNKNOWN	E					2025/08/06			EUFSR-RUS~EUFSR-RUS-VES
7076558	Primary	PEGASUS				VESSEL											{INT-IMO}9276028	~,~	UNKNOWN	UNKNOWN	E					2025/10/24			EUFSR-RUS~EUFSR-RUS-VES
7076571	Primary	ZALIV VOSTOK				VESSEL											{INT-IMO}9360130	~,~	UNKNOWN	UNKNOWN	E					2025/08/15			EUFSR-RUS~EUFSR-RUS-VES
7076575	Primary	PAVEL CHERNYSH				VESSEL											{INT-IMO}9301380	~,~	UNKNOWN	UNKNOWN	E					2025/08/05			EUFSR-RUS~EUFSR-RUS-VES
7076586	Primary	RIGEL				VESSEL											{INT-IMO}9511533	~,~	UNKNOWN	UNKNOWN	E					2025/08/05			EUFSR-RUS~EUFSR-RUS-VES
7076588	Primary	ZALIV BAIKAL				VESSEL											{INT-IMO}9360128	~,~	UNKNOWN	UNKNOWN	E					2025/08/15			EUFSR-RUS~EUFSR-RUS-VES
7076590	Primary	PEARL				VESSEL											{INT-IMO}9630028	~,~	UNKNOWN	UNKNOWN	E					2025/08/07			EUFSR-RUS~EUFSR-RUS-VES
7076596	Primary	ZALIV AMURSKIY				VESSEL											{INT-IMO}9354313	~,~	UNKNOWN	UNKNOWN	E					2025/08/05			EUFSR-RUS~EUFSR-RUS-VES
7076798	Primary	SAKHALIN				VESSEL											{INT-IMO}9249128	~,~	UNKNOWN	UNKNOWN	E					2026/04/24			EUFSR-RUS~EUFSR-RUS-VES
7076828	Primary	SUCCESS				VESSEL											{INT-IMO}9333436	~,~	UNKNOWN	UNKNOWN	E					2025/08/05			EUFSR-RUS~EUFSR-RUS-VES
7076828	Alias	SUCCESS		SCF Amur		VESSEL											{INT-IMO}9333436	~,~	UNKNOWN	UNKNOWN	E					2025/08/05			EUFSR-RUS~EUFSR-RUS-VES
7076850	Primary	ARIADNE				VESSEL											{INT-IMO}9397547	~,~	UNKNOWN	UNKNOWN	E					2025/08/06			EUFSR-RUS~EUFSR-RUS-VES
7076862	Primary	ARIA				VESSEL											{INT-IMO}9397559	~,~	UNKNOWN	UNKNOWN	E					2025/08/06			EUFSR-RUS~EUFSR-RUS-VES
7076870	Primary	BOBCAT				VESSEL											{INT-IMO}9422457	~,~	UNKNOWN	UNKNOWN	E					2025/10/23			EUFSR-RUS~EUFSR-RUS-VES
7076870	Alias	BOBCAT		BLOSSOM		VESSEL											{INT-IMO}9422457	~,~	UNKNOWN	UNKNOWN	E					2025/10/23			EUFSR-RUS~EUFSR-RUS-VES
7076881	Primary	BREEZE				VESSEL											{INT-IMO}9305568	~,~	UNKNOWN	UNKNOWN	E					2025/10/23			EUFSR-RUS~EUFSR-RUS-VES
7076884	Primary	ALMOND				VESSEL											{INT-IMO}9385142	~,~	UNKNOWN	UNKNOWN	E					2025/08/06			EUFSR-RUS~EUFSR-RUS-VES
7076925	Primary	JAGUAR				VESSEL											{INT-IMO}9354301	~,~	UNKNOWN	UNKNOWN	E					2025/08/05			EUFSR-RUS~EUFSR-RUS-VES
7076925	Alias	JAGUAR		Zaliv Amerika		VESSEL											{INT-IMO}9354301	~,~	UNKNOWN	UNKNOWN	E					2025/08/05			EUFSR-RUS~EUFSR-RUS-VES
7077313	Primary	ZALIV ANIVA				VESSEL											{INT-IMO}9418494	~,~	UNKNOWN	UNKNOWN	E					2025/08/06			EUFSR-RUS~EUFSR-RUS-VES
7077330	Primary	YURI SENKEVICH				VESSEL											{INT-IMO}9301419	~,~	UNKNOWN	UNKNOWN	E					2025/08/05			EUFSR-RUS~EUFSR-RUS-VES
7077400	Primary	VANGUARD				VESSEL											{INT-IMO}9311622	~,~	UNKNOWN	UNKNOWN	E					2025/08/07			EUFSR-RUS~EUFSR-RUS-VES
7077411	Primary	VLADIMIR ASENYEV				VESSEL											{INT-IMO}9901025	~,~	UNKNOWN	UNKNOWN	E					2025/08/06			EUFSR-RUS~EUFSR-RUS-VES
7077431	Primary	JUPITER				VESSEL											{INT-IMO}9397535	~,~	UNKNOWN	UNKNOWN	E					2025/10/23			EUFSR-RUS~EUFSR-RUS-VES
7077511	Primary	LA PEROUSE				VESSEL											{INT-IMO}9849887	~,~	UNKNOWN	UNKNOWN	E					2025/08/05			EUFSR-RUS~EUFSR-RUS-VES
7077526	Primary	VIKTOR TITOV				VESSEL											{INT-IMO}9301407	~,~	UNKNOWN	UNKNOWN	E					2025/08/05			EUFSR-RUS~EUFSR-RUS-VES
7077545	Primary	NOBLE				VESSEL											{INT-IMO}9333400	~,~	UNKNOWN	UNKNOWN	E					2025/08/06			EUFSR-RUS~EUFSR-RUS-VES
7077554	Primary	VIKTOR BAKAEV				VESSEL											{INT-IMO}9610810	~,~	UNKNOWN	UNKNOWN	E					2025/08/06			EUFSR-RUS~EUFSR-RUS-VES
7077580	Primary	PHOENIX				VESSEL											{INT-IMO}9333424	~,~	UNKNOWN	UNKNOWN	E					2025/08/05			EUFSR-RUS~EUFSR-RUS-VES
7077674	Primary	VICTOR KONETSKY				VESSEL											{INT-IMO}9301421	~,~	UNKNOWN	UNKNOWN	E					2025/08/05			EUFSR-RUS~EUFSR-RUS-VES
7077679	Primary	PREMIER				VESSEL											{INT-IMO}9577082	~,~	UNKNOWN	UNKNOWN	E					2025/08/05			EUFSR-RUS~EUFSR-RUS-VES
7077686	Primary	VOYAGER				VESSEL											{INT-IMO}9843560	~,~	UNKNOWN	UNKNOWN	E					2025/08/15			EUFSR-RUS~EUFSR-RUS-VES
7077710	Primary	VALERA				VESSEL											{INT-IMO}9630004	~,~	UNKNOWN	UNKNOWN	E					2025/08/07			EUFSR-RUS~EUFSR-RUS-VES
7077734	Primary	PRIMORYE				VESSEL											{INT-IMO}9421960	~,~	UNKNOWN	UNKNOWN	E					2025/08/06			EUFSR-RUS~EUFSR-RUS-VES
7077861	Primary	PATHFINDER				VESSEL											{INT-IMO}9577094	~,~	UNKNOWN	UNKNOWN	E					2025/08/05			EUFSR-RUS~EUFSR-RUS-VES
7077892	Primary	VASILY DINKOV				VESSEL											{INT-IMO}9372547	~,~	UNKNOWN	UNKNOWN	E					2025/12/18			EUFSR-RUS~EUFSR-RUS-VES
7077912	Primary	TRIUMPH				VESSEL											{INT-IMO}9344033	~,~	UNKNOWN	UNKNOWN	E					2025/08/06			EUFSR-RUS~EUFSR-RUS-VES
7077932	Primary	AKAR WEST				VESSEL											{INT-IMO}9258167	~,~	UNKNOWN	UNKNOWN	E					2025/08/07			EUFSR-RUS~EUFSR-RUS-VES
7077946	Primary	TRUST				VESSEL											{INT-IMO}9382798	~,~	UNKNOWN	UNKNOWN	E					2025/08/05			EUFSR-RUS~EUFSR-RUS-VES
7077955	Primary	TOPAZ				VESSEL											{INT-IMO}9292034	~,~	UNKNOWN	UNKNOWN	E					2025/08/08			EUFSR-RUS~EUFSR-RUS-VES
7078013	Primary	NOVA CREST				VESSEL											{INT-IMO}9292046	~,~	UNKNOWN	UNKNOWN	E					2025/10/23			EUFSR-RUS~EUFSR-RUS-VES
7078013	Alias	NOVA CREST		HASAN EAST		VESSEL											{INT-IMO}9292046	~,~	UNKNOWN	UNKNOWN	E					2025/10/23			EUFSR-RUS~EUFSR-RUS-VES
7078031	Primary	TIMOFEY GUZHENKO				VESSEL											{INT-IMO}9372561	~,~	UNKNOWN	UNKNOWN	E					2025/12/18			EUFSR-RUS~EUFSR-RUS-VES
7078066	Primary	TANGO				VESSEL											{INT-IMO}9292058	~,~	UNKNOWN	UNKNOWN	E					2025/08/08			EUFSR-RUS~EUFSR-RUS-VES
7078076	Primary	SATURN				VESSEL											{INT-IMO}9421972	~,~	UNKNOWN	UNKNOWN	E					2025/08/05			EUFSR-RUS~EUFSR-RUS-VES
7078098	Primary	TALISMAN				VESSEL											{INT-IMO}9292060	~,~	UNKNOWN	UNKNOWN	E					2025/08/06			EUFSR-RUS~EUFSR-RUS-VES
7078117	Primary	SIRIUS				VESSEL											{INT-IMO}9422445	~,~	UNKNOWN	UNKNOWN	E					2025/08/05			EUFSR-RUS~EUFSR-RUS-VES
7078119	Primary	UNIVERSAL				VESSEL											{INT-IMO}9384306	~,~	UNKNOWN	UNKNOWN	E					2025/08/06			EUFSR-RUS~EUFSR-RUS-VES
7078123	Primary	SIERRA				VESSEL											{INT-IMO}9522324	~,~	UNKNOWN	UNKNOWN	E					2025/08/05			EUFSR-RUS~EUFSR-RUS-VES
7078136	Primary	ENIGMA				VESSEL											{INT-IMO}9333412	~,~	UNKNOWN	UNKNOWN	E					2025/08/07			EUFSR-RUS~EUFSR-RUS-VES
7078149	Primary	SHTURMAN ALBANOV				VESSEL											{INT-IMO}9752084	~,~	UNKNOWN	UNKNOWN	E					2025/08/06			EUFSR-RUS~EUFSR-RUS-VES
7078167	Primary	SHTURMAN MALYGIN				VESSEL											{INT-IMO}9752096	~,~	UNKNOWN	UNKNOWN	E					2025/12/18			EUFSR-RUS~EUFSR-RUS-VES
7078188	Primary	SHTURMAN OVTSYN				VESSEL											{INT-IMO}9752101	~,~	UNKNOWN	UNKNOWN	E					2025/12/18			EUFSR-RUS~EUFSR-RUS-VES
7092004	Primary	MARLIN				VESSEL											{INT-IMO}9585912	~,~	UNKNOWN	UNKNOWN	E					2025/08/08			EUFSR-RUS~EUFSR-RUS-VES
7094859	Primary	FLURA				VESSEL											{INT-IMO}9354636	~,~	UNKNOWN	UNKNOWN	E					2025/08/08			EUFSR-RUS~EUFSR-RUS-VES
7102573	Primary	VANINO				VESSEL											{INT-IMO}8724779	~,~	UNKNOWN	UNKNOWN	E					2025/10/23			EUFSR-RUS~EUFSR-RUS-VES
7103042	Primary	VELES				VESSEL											{INT-IMO}9299173	~,~	UNKNOWN	UNKNOWN	E					2025/08/07			EUFSR-RUS~EUFSR-RUS-VES
7106452	Primary	RN SAKHALIN				VESSEL											{INT-IMO}9650016	~,~	UNKNOWN	UNKNOWN	E					2025/10/23			EUFSR-RUS~EUFSR-RUS-VES
7106530	Primary	VENUS III				VESSEL											{INT-IMO}9599353	~,~	UNKNOWN	UNKNOWN	E					2026/04/24			EUFSR-RUS~EUFSR-RUS-VES
7132060	Primary	HATTI				VESSEL											{INT-IMO}9247883	~,~	UNKNOWN	UNKNOWN	E					2025/08/06			EUFSR-RUS~EUFSR-RUS-VES
7148691	Primary	MT KONSTANTINOVSK				VESSEL											{INT-IMO}9113276	~,~	UNKNOWN	UNKNOWN	E					2025/08/08			EUFSR-RUS~EUFSR-RUS-VES
7149322	Primary	SANAR 18				VESSEL											{INT-IMO}9645011	~,~	UNKNOWN	UNKNOWN	E					2025/08/08			EUFSR-RUS~EUFSR-RUS-VES
7149471	Primary	ALEKSEY SAVRASOV				VESSEL											{INT-IMO}9645061	~,~	UNKNOWN	UNKNOWN	E					2025/10/23			EUFSR-RUS~EUFSR-RUS-VES
7151911	Primary	VLADIMIR MONOMAKH				VESSEL											{INT-IMO}9842176	~,~	UNKNOWN	UNKNOWN	E					2025/08/07			EUFSR-RUS~EUFSR-RUS-VES
7214590	Primary	FURIA				VESSEL											{INT-IMO}9257802	~,~	UNKNOWN	UNKNOWN	E					2025/10/23			EUFSR-RUS~EUFSR-RUS-VES
7214777	Primary	DENEB				VESSEL											{INT-IMO}9301524	~,~	UNKNOWN	UNKNOWN	E					2025/08/07			EUFSR-RUS~EUFSR-RUS-VES
7214783	Primary	SEA MARINE I				VESSEL											{INT-IMO}9255830	~,~	UNKNOWN	UNKNOWN	E					2025/08/07			EUFSR-RUS~EUFSR-RUS-VES
7214800	Primary	LONGEVITY 7				VESSEL											{INT-IMO}9240885	~,~	UNKNOWN	UNKNOWN	E					2025/10/24			EUFSR-RUS~EUFSR-RUS-VES
7242825	Primary	BLUE				VESSEL											{INT-IMO}9236353	~,~	UNKNOWN	UNKNOWN	E					2025/08/07			EUFSR-RUS~EUFSR-RUS-VES
7326819	Primary	BELOMOR				VESSEL											{INT-IMO}9384435	~,~	UNKNOWN	UNKNOWN	E					2025/10/24			EUFSR-RUS~EUFSR-RUS-VES
7326875	Primary	JI SHUN				VESSEL											{INT-IMO}9384447	~,~	UNKNOWN	UNKNOWN	E					2025/08/06			EUFSR-RUS~EUFSR-RUS-VES
7326903	Primary	ONEGA				VESSEL											{INT-IMO}9384459	~,~	UNKNOWN	UNKNOWN	E					2025/10/24			EUFSR-RUS~EUFSR-RUS-VES
7327724	Primary	OKEANSKY PROSPECT				VESSEL											{INT-IMO}9866380	~,~	UNKNOWN	UNKNOWN	E					2025/08/05			EUFSR-RUS~EUFSR-RUS-VES
7346071	Primary	ASCENDANT				VESSEL											{INT-IMO}9248801	~,~	UNKNOWN	UNKNOWN	E					2025/08/06			EUFSR-RUS~EUFSR-RUS-VES
7358286	Primary	XING CHEN				VESSEL											{INT-IMO}9550682	~,~	UNKNOWN	UNKNOWN	E					2025/10/23			EUFSR-RUS~EUFSR-RUS-VES
7358321	Primary	JEWEL				VESSEL											{INT-IMO}9419450	~,~	UNKNOWN	UNKNOWN	E					2025/12/18			EUFSR-RUS~EUFSR-RUS-VES
7358364	Primary	APATE				VESSEL											{INT-IMO}9433016	~,~	UNKNOWN	UNKNOWN	E					2025/10/23			EUFSR-RUS~EUFSR-RUS-VES
7358485	Primary	EMINENT				VESSEL											{INT-IMO}9383950	~,~	UNKNOWN	UNKNOWN	E					2025/08/07			EUFSR-RUS~EUFSR-RUS-VES
7431310	Primary	ALARA				VESSEL											{INT-IMO}9741724	~,~	UNKNOWN	UNKNOWN	E					2025/10/23			EUFSR-RUS~EUFSR-RUS-VES
7431388	Primary	NIKOLAY ANISHCHENKOV				VESSEL											{INT-IMO}9942392	~,~	UNKNOWN	UNKNOWN	E					2025/10/23			EUFSR-RUS~EUFSR-RUS-VES
7634600	Primary	KORYAK FSU				VESSEL											{INT-IMO}9915105	~,~	UNKNOWN	UNKNOWN	E					2025/08/04			EUFSR-RUS~EUFSR-RUS-VES
7634607	Primary	SAAM FSU				VESSEL											{INT-IMO}9915090	~,~	UNKNOWN	UNKNOWN	E					2025/08/04			EUFSR-RUS~EUFSR-RUS-VES
7660484	Primary	SAVITRI				VESSEL											{INT-IMO}9289752	~,~	UNKNOWN	UNKNOWN	E					2025/08/06			EUFSR-RUS~EUFSR-RUS-VES
7689484	Primary	EVITA				VESSEL											{INT-IMO}9408530	~,~	UNKNOWN	UNKNOWN	E					2025/08/07			EUFSR-RUS~EUFSR-RUS-VES
7689860	Primary	SINAR G				VESSEL											{INT-IMO}9323364	~,~	UNKNOWN	UNKNOWN	E					2025/12/18			EUFSR-RUS~EUFSR-RUS-VES
7701700	Primary	KOALA				VESSEL											{INT-IMO}9234642	~,~	UNKNOWN	UNKNOWN	E					2025/08/06			EUFSR-RUS~EUFSR-RUS-VES
7707482	Primary	MARQUISE				VESSEL											{INT-IMO}9315745	~,~	UNKNOWN	UNKNOWN	E					2025/10/24			EUFSR-RUS~EUFSR-RUS-VES
7707787	Primary	CENTURION I				VESSEL											{INT-IMO}9436020	~,~	UNKNOWN	UNKNOWN	E					2025/10/24			EUFSR-RUS~EUFSR-RUS-VES
7709751	Primary	SEALION I				VESSEL											{INT-IMO}9234501	~,~	UNKNOWN	UNKNOWN	E					2025/08/07			EUFSR-RUS~EUFSR-RUS-VES
7713169	Primary	ELEPHANT				VESSEL											{INT-IMO}9374868	~,~	UNKNOWN	UNKNOWN	E					2025/08/08			EUFSR-RUS~EUFSR-RUS-VES
7714670	Primary	MAISAN				VESSEL											{INT-IMO}9289776	~,~	UNKNOWN	UNKNOWN	E					2025/08/07			EUFSR-RUS~EUFSR-RUS-VES
7719523	Primary	NILANGA				VESSEL											{INT-IMO}9412452	~,~	UNKNOWN	UNKNOWN	E					2025/10/23			EUFSR-RUS~EUFSR-RUS-VES
7732184	Primary	NEER 1				VESSEL											{INT-IMO}9224283	~,~	UNKNOWN	UNKNOWN	E					2025/08/06			EUFSR-RUS~EUFSR-RUS-VES
7732184	Alias	NEER 1		Kapal Cantik		VESSEL											{INT-IMO}9224283	~,~	UNKNOWN	UNKNOWN	E					2025/08/06			EUFSR-RUS~EUFSR-RUS-VES
7733960	Primary	AFKADA				VESSEL											{INT-IMO}9311531	~,~	UNKNOWN	UNKNOWN	E					2025/08/06			EUFSR-RUS~EUFSR-RUS-VES
7734778	Primary	KYLO				VESSEL											{INT-IMO}9189146	~,~	UNKNOWN	UNKNOWN	E					2025/10/23			EUFSR-RUS~EUFSR-RUS-VES
7738707	Primary	KAMELOT				VESSEL											{INT-IMO}9265873	~,~	UNKNOWN	UNKNOWN	E					2026/04/24			EUFSR-RUS~EUFSR-RUS-VES
7738835	Primary	SANDHYA				VESSEL											{INT-IMO}9352195	~,~	UNKNOWN	UNKNOWN	E					2025/08/07			EUFSR-RUS~EUFSR-RUS-VES
7757562	Primary	CARCHARODON				VESSEL											{INT-IMO}9258882	~,~	UNKNOWN	UNKNOWN	E					2025/08/06			EUFSR-RUS~EUFSR-RUS-VES
7759519	Primary	DORIN				VESSEL											{INT-IMO}9290828	~,~	UNKNOWN	UNKNOWN	E					2025/08/08			EUFSR-RUS~EUFSR-RUS-VES
7759519	Alias	DORIN		E Mei Shan		VESSEL											{INT-IMO}9290828	~,~	UNKNOWN	UNKNOWN	E					2025/08/08			EUFSR-RUS~EUFSR-RUS-VES
7759529	Primary	TYAGARAJA				VESSEL											{INT-IMO}9327372	~,~	UNKNOWN	UNKNOWN	E					2025/08/05			EUFSR-RUS~EUFSR-RUS-VES
7759719	Primary	MARIEL				VESSEL											{INT-IMO}9247376	~,~	UNKNOWN	UNKNOWN	E					2025/08/08			EUFSR-RUS~EUFSR-RUS-VES
7759839	Primary	AS CALCUTTA				VESSEL											{INT-IMO}9037123	~,~	UNKNOWN	UNKNOWN	E					2025/12/18			EUFSR-RUS~EUFSR-RUS-VES
7761209	Primary	REUS				VESSEL											{INT-IMO}9253076	~,~	UNKNOWN	UNKNOWN	E					2025/08/06			EUFSR-RUS~EUFSR-RUS-VES
7767324	Primary	KRUGER				VESSEL											{INT-IMO}9412995	~,~	UNKNOWN	UNKNOWN	E					2025/08/07			EUFSR-RUS~EUFSR-RUS-VES
7775474	Primary	SAGAR VIOLET				VESSEL											{INT-IMO}9292981	~,~	UNKNOWN	UNKNOWN	E					2025/08/07			EUFSR-RUS~EUFSR-RUS-VES
7776650	Primary	TAGOR				VESSEL											{INT-IMO}9282481	~,~	UNKNOWN	UNKNOWN	E					2025/10/23			EUFSR-RUS~EUFSR-RUS-VES
7785121	Primary	ZAMBRA				VESSEL											{INT-IMO}9175078	~,~	UNKNOWN	UNKNOWN	E					2025/08/07			EUFSR-RUS~EUFSR-RUS-VES
7785817	Primary	DENVER				VESSEL											{INT-IMO}9382712	~,~	UNKNOWN	UNKNOWN	E					2025/10/24			EUFSR-RUS~EUFSR-RUS-VES
7799393	Primary	MD MIRANDA				VESSEL											{INT-IMO}9198290	~,~	UNKNOWN	UNKNOWN	E					2025/08/07			EUFSR-RUS~EUFSR-RUS-VES
7800372	Primary	TURBO VOYAGER				VESSEL											{INT-IMO}9299898	~,~	UNKNOWN	UNKNOWN	E					2025/08/05			EUFSR-RUS~EUFSR-RUS-VES
7817323	Primary	TASTA				VESSEL											{INT-IMO}9307815	~,~	UNKNOWN	UNKNOWN	E					2025/08/07			EUFSR-RUS~EUFSR-RUS-VES
7824945	Primary	SAINT				VESSEL											{INT-IMO}9263198	~,~	UNKNOWN	UNKNOWN	E					2025/08/08			EUFSR-RUS~EUFSR-RUS-VES
7825591	Primary	CRIUS				VESSEL											{INT-IMO}9251274	~,~	UNKNOWN	UNKNOWN	E					2025/08/05			EUFSR-RUS~EUFSR-RUS-VES
7826317	Primary	TEAM				VESSEL											{INT-IMO}9292589	~,~	UNKNOWN	UNKNOWN	E					2025/08/07			EUFSR-RUS~EUFSR-RUS-VES
7829344	Primary	SEZAR				VESSEL											{INT-IMO}9259991	~,~	UNKNOWN	UNKNOWN	E					2025/08/06			EUFSR-RUS~EUFSR-RUS-VES
7829345	Primary	NEXT				VESSEL											{INT-IMO}9286023	~,~	UNKNOWN	UNKNOWN	E					2025/08/07			EUFSR-RUS~EUFSR-RUS-VES
7829360	Primary	WALL				VESSEL											{INT-IMO}9299886	~,~	UNKNOWN	UNKNOWN	E					2025/08/07			EUFSR-RUS~EUFSR-RUS-VES
7829913	Primary	RHEIN				VESSEL											{INT-IMO}9306562	~,~	UNKNOWN	UNKNOWN	E					2025/10/23			EUFSR-RUS~EUFSR-RUS-VES
7829932	Primary	QUARTZ				VESSEL											{INT-IMO}9261401	~,~	UNKNOWN	UNKNOWN	E					2025/12/18			EUFSR-RUS~EUFSR-RUS-VES
7830098	Primary	VAULT				VESSEL											{INT-IMO}9310707	~,~	UNKNOWN	UNKNOWN	E					2025/08/07			EUFSR-RUS~EUFSR-RUS-VES
7830112	Primary	SOUTH STAR				VESSEL											{INT-IMO}9263186	~,~	UNKNOWN	UNKNOWN	E					2025/10/23			EUFSR-RUS~EUFSR-RUS-VES
7831897	Primary	SIRI				VESSEL											{INT-IMO}9281683	~,~	UNKNOWN	UNKNOWN	E					2025/08/05			EUFSR-RUS~EUFSR-RUS-VES
7836227	Primary	OCEAN 28				VESSEL											{INT-IMO}1021570	~,~	UNKNOWN	UNKNOWN	E					2025/08/06			EUFSR-RUS~EUFSR-RUS-VES
7842471	Primary	HIMALAYA				VESSEL											{INT-IMO}9314882	~,~	UNKNOWN	UNKNOWN	E					2025/08/07			EUFSR-RUS~EUFSR-RUS-VES
7842839	Primary	RYMO				VESSEL											{INT-IMO}9308857	~,~	UNKNOWN	UNKNOWN	E					2025/08/08			EUFSR-RUS~EUFSR-RUS-VES
7842875	Primary	KRISHNA 1				VESSEL											{INT-IMO}9271585	~,~	UNKNOWN	UNKNOWN	E					2025/08/05			EUFSR-RUS~EUFSR-RUS-VES
7843001	Primary	SILVERA				VESSEL											{INT-IMO}9248849	~,~	UNKNOWN	UNKNOWN	E					2025/08/07			EUFSR-RUS~EUFSR-RUS-VES
7845834	Primary	TAI SHAN				VESSEL											{INT-IMO}9405057	~,~	UNKNOWN	UNKNOWN	E					2025/08/08			EUFSR-RUS~EUFSR-RUS-VES
7846258	Primary	DAKSHA				VESSEL											{INT-IMO}9259185	~,~	UNKNOWN	UNKNOWN	E					2025/08/05			EUFSR-RUS~EUFSR-RUS-VES
7846258	Alias	DAKSHA		Hebe		VESSEL											{INT-IMO}9259185	~,~	UNKNOWN	UNKNOWN	E					2025/08/05			EUFSR-RUS~EUFSR-RUS-VES
7846908	Primary	FJORD SEAL				VESSEL											{INT-IMO}9513139	~,~	UNKNOWN	UNKNOWN	E					2025/08/05			EUFSR-RUS~EUFSR-RUS-VES
7846924	Primary	VIEW				VESSEL											{INT-IMO}9271327	~,~	UNKNOWN	UNKNOWN	E					2025/08/07			EUFSR-RUS~EUFSR-RUS-VES
7846924	Alias	VIEW		Cup		VESSEL											{INT-IMO}9271327	~,~	UNKNOWN	UNKNOWN	E					2025/08/07			EUFSR-RUS~EUFSR-RUS-VES
7846927	Primary	DESTAN				VESSEL											{INT-IMO}9388766	~,~	UNKNOWN	UNKNOWN	E					2025/08/08			EUFSR-RUS~EUFSR-RUS-VES
7860023	Primary	AGNI				VESSEL											{INT-IMO}9337389	~,~	UNKNOWN	UNKNOWN	E					2025/08/06			EUFSR-RUS~EUFSR-RUS-VES
7866324	Primary	HE BO				VESSEL											{INT-IMO}9408554	~,~	UNKNOWN	UNKNOWN	E					2026/04/24			EUFSR-RUS~EUFSR-RUS-VES
7882000	Primary	TONG YUAN				VESSEL											{INT-IMO}9638197	~,~	UNKNOWN	UNKNOWN	E					2025/08/06			EUFSR-RUS~EUFSR-RUS-VES
7891315	Primary	NAN FENG ZHI XING				VESSEL											{INT-IMO}9934498	~,~	UNKNOWN	UNKNOWN	E					2025/08/06			EUFSR-RUS~EUFSR-RUS-VES
7891321	Primary	VASILY LANOVOY				VESSEL											{INT-IMO}9621601	~,~	UNKNOWN	UNKNOWN	E					2025/10/23			EUFSR-RUS~EUFSR-RUS-VES
7893449	Primary	AKADEMIK GUBKIN				VESSEL											{INT-IMO}9842190	~,~	UNKNOWN	UNKNOWN	E					2025/08/07			EUFSR-RUS~EUFSR-RUS-VES
7899877	Primary	REVANCHE				VESSEL											{INT-IMO}9297149	~,~	UNKNOWN	UNKNOWN	E					2025/10/23			EUFSR-RUS~EUFSR-RUS-VES
7911272	Primary	MARINSTRAUM				VESSEL											{INT-IMO}9390317	~,~	UNKNOWN	UNKNOWN	E					2025/10/23			EUFSR-RUS~EUFSR-RUS-VES
7913476	Primary	SOFIA				VESSEL											{INT-IMO}9211999	~,~	UNKNOWN	UNKNOWN	E					2025/10/23			EUFSR-RUS~EUFSR-RUS-VES
7913478	Primary	ATLANTICOS				VESSEL											{INT-IMO}9282986	~,~	UNKNOWN	UNKNOWN	E					2025/10/24			EUFSR-RUS~EUFSR-RUS-VES
7913479	Primary	PACIFICOS				VESSEL											{INT-IMO}9288930	~,~	UNKNOWN	UNKNOWN	E					2025/10/24			EUFSR-RUS~EUFSR-RUS-VES
7913480	Primary	NAVIK				VESSEL											{INT-IMO}8920579	~,~	UNKNOWN	UNKNOWN	E					2025/10/23			EUFSR-RUS~EUFSR-RUS-VES
7913481	Primary	MELITO CARRIER				VESSEL											{INT-IMO}8920581	~,~	UNKNOWN	UNKNOWN	E					2025/10/23			EUFSR-RUS~EUFSR-RUS-VES
7913482	Primary	OSTROV RUSSKIY				VESSEL											{INT-IMO}9087714	~,~	UNKNOWN	UNKNOWN	E					2025/08/07			EUFSR-RUS~EUFSR-RUS-VES
7913483	Primary	MARIA				VESSEL											{INT-IMO}9198783	~,~	UNKNOWN	UNKNOWN	E					2025/08/08			EUFSR-RUS~EUFSR-RUS-VES
7913484	Primary	STANISLAV GOVORUKHIN				VESSEL											{INT-IMO}9621596	~,~	UNKNOWN	UNKNOWN	E					2025/10/23			EUFSR-RUS~EUFSR-RUS-VES
7913505	Primary	ZAFAR				VESSEL											{INT-IMO}9720263	~,~	UNKNOWN	UNKNOWN	E					2025/12/18			EUFSR-RUS~EUFSR-RUS-VES
7913560	Primary	DIGNITY				VESSEL											{INT-IMO}9283241	~,~	UNKNOWN	UNKNOWN	E					2025/08/08			EUFSR-RUS~EUFSR-RUS-VES
7913581	Primary	VOSTOCHNY PROSPECT				VESSEL											{INT-IMO}9866392	~,~	UNKNOWN	UNKNOWN	E					2025/08/07			EUFSR-RUS~EUFSR-RUS-VES
7919688	Primary	IVAN AIVAZOVSKY				VESSEL											{INT-IMO}9876359	~,~	UNKNOWN	UNKNOWN	E					2026/04/24			EUFSR-RUS~EUFSR-RUS-VES
7919763	Primary	VALENTIN PIKUL				VESSEL											{INT-IMO}9885879	~,~	UNKNOWN	UNKNOWN	E					2026/04/24			EUFSR-RUS~EUFSR-RUS-VES
7939511	Primary	ARCTIC MULAN				VESSEL											{INT-IMO}9864837	~,~	UNKNOWN	UNKNOWN	E					2025/08/08			EUFSR-RUS~EUFSR-RUS-VES
7939590	Primary	FU HAI WAN				VESSEL											{INT-IMO}9368235	~,~	UNKNOWN	UNKNOWN	E					2025/08/07			EUFSR-RUS~EUFSR-RUS-VES
7939631	Primary	HEIDI A				VESSEL											{INT-IMO}9321976	~,~	UNKNOWN	UNKNOWN	E					2025/08/05			EUFSR-RUS~EUFSR-RUS-VES
7940822	Primary	OSCAR I				VESSEL											{INT-IMO}9314820	~,~	UNKNOWN	UNKNOWN	E					2025/10/23			EUFSR-RUS~EUFSR-RUS-VES
7947523	Primary	CETUS				VESSEL											{INT-IMO}9418482	~,~	UNKNOWN	UNKNOWN	E					2025/08/08			EUFSR-RUS~EUFSR-RUS-VES
7959067	Primary	BODHI				VESSEL											{INT-IMO}9144782	~,~	UNKNOWN	UNKNOWN	E					2025/08/05			EUFSR-RUS~EUFSR-RUS-VES
7959067	Alias	BODHI		Robon		VESSEL											{INT-IMO}9144782	~,~	UNKNOWN	UNKNOWN	E					2025/08/05			EUFSR-RUS~EUFSR-RUS-VES
7959075	Primary	OZANNO				VESSEL											{INT-IMO}9394935	~,~	UNKNOWN	UNKNOWN	E					2025/08/05			EUFSR-RUS~EUFSR-RUS-VES
7959075	Alias	OZANNO		Ocean AMZ		VESSEL											{INT-IMO}9394935	~,~	UNKNOWN	UNKNOWN	E					2025/08/05			EUFSR-RUS~EUFSR-RUS-VES
7975448	Primary	KAVYA				VESSEL											{INT-IMO}9353113	~,~	UNKNOWN	UNKNOWN	E					2025/08/05			EUFSR-RUS~EUFSR-RUS-VES
7975448	Alias	KAVYA		Hana		VESSEL											{INT-IMO}9353113	~,~	UNKNOWN	UNKNOWN	E					2025/08/05			EUFSR-RUS~EUFSR-RUS-VES
7975449	Primary	APAR				VESSEL											{INT-IMO}9402471	~,~	UNKNOWN	UNKNOWN	E					2025/08/05			EUFSR-RUS~EUFSR-RUS-VES
7975449	Alias	APAR		Andromeda Star		VESSEL											{INT-IMO}9402471	~,~	UNKNOWN	UNKNOWN	E					2025/08/05			EUFSR-RUS~EUFSR-RUS-VES
7975449	Alias	APAR		Feng Shou		VESSEL											{INT-IMO}9402471	~,~	UNKNOWN	UNKNOWN	E					2025/08/05			EUFSR-RUS~EUFSR-RUS-VES
7983218	Primary	FAST KATHY				VESSEL											{INT-IMO}9408205	~,~	UNKNOWN	UNKNOWN	E					2025/08/06			EUFSR-RUS~EUFSR-RUS-VES
7983275	Primary	OCEAN FAYE				VESSEL											{INT-IMO}9321689	~,~	UNKNOWN	UNKNOWN	E					2025/08/06			EUFSR-RUS~EUFSR-RUS-VES
7983357	Primary	SEA FIDELITY				VESSEL											{INT-IMO}9285835	~,~	UNKNOWN	UNKNOWN	E					2025/08/06			EUFSR-RUS~EUFSR-RUS-VES
7983420	Primary	SWIFTSEA RIDER				VESSEL											{INT-IMO}9318539	~,~	UNKNOWN	UNKNOWN	E					2025/08/06			EUFSR-RUS~EUFSR-RUS-VES
7985666	Primary	JIN HUI				VESSEL											{INT-IMO}9430272	~,~	UNKNOWN	UNKNOWN	E					2025/12/18			EUFSR-RUS~EUFSR-RUS-VES
7989739	Primary	NURKEZ				VESSEL											{INT-IMO}9253325	~,~	UNKNOWN	UNKNOWN	E					2025/08/06			EUFSR-RUS~EUFSR-RUS-VES
7989741	Primary	MEROPE				VESSEL											{INT-IMO}9281891	~,~	UNKNOWN	UNKNOWN	E					2025/08/06			EUFSR-RUS~EUFSR-RUS-VES
7989743	Primary	AREIA				VESSEL											{INT-IMO}9321847	~,~	UNKNOWN	UNKNOWN	E					2025/08/05			EUFSR-RUS~EUFSR-RUS-VES
7989743	Alias	AREIA		Emily S		VESSEL											{INT-IMO}9321847	~,~	UNKNOWN	UNKNOWN	E					2025/08/05			EUFSR-RUS~EUFSR-RUS-VES
7989829	Primary	VESNA				VESSEL											{INT-IMO}9233349	~,~	UNKNOWN	UNKNOWN	E					2025/08/07			EUFSR-RUS~EUFSR-RUS-VES
7989835	Primary	MIN HANG				VESSEL											{INT-IMO}9257137	~,~	UNKNOWN	UNKNOWN	E					2025/08/06			EUFSR-RUS~EUFSR-RUS-VES
7989840	Primary	NIGHT GLORY				VESSEL											{INT-IMO}9319674	~,~	UNKNOWN	UNKNOWN	E					2025/08/07			EUFSR-RUS~EUFSR-RUS-VES
7992309	Primary	CHENG HE				VESSEL											{INT-IMO}9304629	~,~	UNKNOWN	UNKNOWN	E					2025/10/23			EUFSR-RUS~EUFSR-RUS-VES
7992321	Primary	GLOBAL STAR				VESSEL											{INT-IMO}9198082	~,~	UNKNOWN	UNKNOWN	E					2026/04/24			EUFSR-RUS~EUFSR-RUS-VES
7992327	Primary	LALIQUE				VESSEL											{INT-IMO}9247792	~,~	UNKNOWN	UNKNOWN	E					2025/08/07			EUFSR-RUS~EUFSR-RUS-VES
7992331	Primary	THALIA III				VESSEL											{INT-IMO}9259197	~,~	UNKNOWN	UNKNOWN	E					2025/08/06			EUFSR-RUS~EUFSR-RUS-VES
7992343	Primary	MISSONI				VESSEL											{INT-IMO}9296810	~,~	UNKNOWN	UNKNOWN	E					2025/08/07			EUFSR-RUS~EUFSR-RUS-VES
7992344	Primary	LEONA				VESSEL											{INT-IMO}9299721	~,~	UNKNOWN	UNKNOWN	E					2025/10/23			EUFSR-RUS~EUFSR-RUS-VES
7992346	Primary	LYRA				VESSEL											{INT-IMO}9314088	~,~	UNKNOWN	UNKNOWN	E					2025/08/08			EUFSR-RUS~EUFSR-RUS-VES
7992350	Primary	KIRA K				VESSEL											{INT-IMO}9346720	~,~	UNKNOWN	UNKNOWN	E					2025/08/08			EUFSR-RUS~EUFSR-RUS-VES
7992351	Primary	LUCKY FAIRY				VESSEL											{INT-IMO}9348479	~,~	UNKNOWN	UNKNOWN	E					2025/08/07			EUFSR-RUS~EUFSR-RUS-VES
7992352	Primary	SURREY QUAYS				VESSEL											{INT-IMO}9350654	~,~	UNKNOWN	UNKNOWN	E					2025/08/05			EUFSR-RUS~EUFSR-RUS-VES
7992353	Primary	LOTUS				VESSEL											{INT-IMO}9392822	~,~	UNKNOWN	UNKNOWN	E					2025/08/06			EUFSR-RUS~EUFSR-RUS-VES
7992353	Alias	LOTUS		Himalayan		VESSEL											{INT-IMO}9392822	~,~	UNKNOWN	UNKNOWN	E					2025/08/06			EUFSR-RUS~EUFSR-RUS-VES
7999708	Primary	GENJI				VESSEL											{INT-IMO}9289738	~,~	UNKNOWN	UNKNOWN	E					2025/08/07			EUFSR-RUS~EUFSR-RUS-VES
8009423	Primary	NARCISSUS				VESSEL											{INT-IMO}9232931	~,~	UNKNOWN	UNKNOWN	E					2025/08/07			EUFSR-RUS~EUFSR-RUS-VES
8009427	Primary	SINO STAR				VESSEL											{INT-IMO}9263693	~,~	UNKNOWN	UNKNOWN	E					2025/10/23			EUFSR-RUS~EUFSR-RUS-VES
8013127	Primary	LORENA GRAND				VESSEL											{INT-IMO}9288899	~,~	UNKNOWN	UNKNOWN	E					2025/08/06			EUFSR-RUS~EUFSR-RUS-VES
8013134	Primary	LOKOSAO				VESSEL											{INT-IMO}9286657	~,~	UNKNOWN	UNKNOWN	E					2025/08/06			EUFSR-RUS~EUFSR-RUS-VES
8013151	Primary	PETA LUMINA				VESSEL											{INT-IMO}9296391	~,~	UNKNOWN	UNKNOWN	E					2025/08/05			EUFSR-RUS~EUFSR-RUS-VES
8014214	Primary	GOGLAND				VESSEL											{INT-IMO}9430210	~,~	UNKNOWN	UNKNOWN	E					2025/08/08			EUFSR-RUS~EUFSR-RUS-VES
8037364	Primary	FUGA BLUEMARINE				VESSEL											{INT-IMO}9235725	~,~	UNKNOWN	UNKNOWN	E					2025/08/06			EUFSR-RUS~EUFSR-RUS-VES
8037372	Primary	IZOLA				VESSEL											{INT-IMO}9249312	~,~	UNKNOWN	UNKNOWN	E					2025/08/07			EUFSR-RUS~EUFSR-RUS-VES
8059984	Primary	EAST ENERGY				VESSEL											{INT-IMO}9216298	~,~	UNKNOWN	UNKNOWN	E					2025/08/06			EUFSR-RUS~EUFSR-RUS-VES
8060005	Primary	METAGAS EVEREST				VESSEL											{INT-IMO}9243148	~,~	UNKNOWN	UNKNOWN	E					2025/08/06			EUFSR-RUS~EUFSR-RUS-VES
8060008	Primary	NORTH AIR				VESSEL											{INT-IMO}9953509	~,~	UNKNOWN	UNKNOWN	E					2025/08/05			EUFSR-RUS~EUFSR-RUS-VES
8060015	Primary	NORTH MOUNTAIN				VESSEL											{INT-IMO}9953511	~,~	UNKNOWN	UNKNOWN	E					2025/08/05			EUFSR-RUS~EUFSR-RUS-VES
8060023	Primary	NORTH SKY				VESSEL											{INT-IMO}9953523	~,~	UNKNOWN	UNKNOWN	E					2025/08/05			EUFSR-RUS~EUFSR-RUS-VES
8060027	Primary	NORTH WAY				VESSEL											{INT-IMO}9953535	~,~	UNKNOWN	UNKNOWN	E					2025/08/05			EUFSR-RUS~EUFSR-RUS-VES
8116046	Primary	FRUNZE				VESSEL											{INT-IMO}9263643	~,~	UNKNOWN	UNKNOWN	E					2025/08/06			EUFSR-RUS~EUFSR-RUS-VES
8145177	Primary	HENG TAI				VESSEL											{INT-IMO}9419448	~,~	UNKNOWN	UNKNOWN	E					2025/08/06			EUFSR-RUS~EUFSR-RUS-VES
8146102	Primary	CROSS OCEAN				VESSEL											{INT-IMO}9251810	~,~	UNKNOWN	UNKNOWN	E					2025/08/07			EUFSR-RUS~EUFSR-RUS-VES
8154415	Primary	SKADI				VESSEL											{INT-IMO}9230971	~,~	UNKNOWN	UNKNOWN	E					2025/08/08			EUFSR-RUS~EUFSR-RUS-VES
8176596	Primary	NAGARJUNA				VESSEL											{INT-IMO}9299733	~,~	UNKNOWN	UNKNOWN	E					2025/08/08			EUFSR-RUS~EUFSR-RUS-VES
8176624	Primary	XIWANG				VESSEL											{INT-IMO}9317949	~,~	UNKNOWN	UNKNOWN	E					2025/08/06			EUFSR-RUS~EUFSR-RUS-VES
8176629	Primary	EASTERN PEARL				VESSEL											{INT-IMO}9285859	~,~	UNKNOWN	UNKNOWN	E					2025/08/06			EUFSR-RUS~EUFSR-RUS-VES
8176633	Primary	AZURE CELESTE				VESSEL											{INT-IMO}9288722	~,~	UNKNOWN	UNKNOWN	E					2025/08/06			EUFSR-RUS~EUFSR-RUS-VES
8176636	Primary	KUDOS STARS				VESSEL											{INT-IMO}9288710	~,~	UNKNOWN	UNKNOWN	E					2025/08/06			EUFSR-RUS~EUFSR-RUS-VES
8177145	Primary	AURO				VESSEL											{INT-IMO}9288708	~,~	UNKNOWN	UNKNOWN	E					2025/08/06			EUFSR-RUS~EUFSR-RUS-VES
8177145	Alias	AURO		Stratos Aurora		VESSEL											{INT-IMO}9288708	~,~	UNKNOWN	UNKNOWN	E					2025/08/06			EUFSR-RUS~EUFSR-RUS-VES
8177161	Primary	LAHAR				VESSEL											{INT-IMO}9321691	~,~	UNKNOWN	UNKNOWN	E					2025/08/07			EUFSR-RUS~EUFSR-RUS-VES
8179296	Primary	SEA HONOR				VESSEL											{INT-IMO}9315654	~,~	UNKNOWN	UNKNOWN	E					2025/08/07			EUFSR-RUS~EUFSR-RUS-VES
8179303	Primary	VISION				VESSEL											{INT-IMO}9260067	~,~	UNKNOWN	UNKNOWN	E					2025/08/07			EUFSR-RUS~EUFSR-RUS-VES
8179827	Primary	SEAL				VESSEL											{INT-IMO}9252400	~,~	UNKNOWN	UNKNOWN	E					2025/10/23			EUFSR-RUS~EUFSR-RUS-VES
8248149	Primary	BLACK SEA EAGLE				VESSEL											{INT-IMO}9495832	~,~	UNKNOWN	UNKNOWN	E					2025/08/07			EUFSR-RUS~EUFSR-RUS-VES
8263663	Primary	MERCURY				VESSEL											{INT-IMO}9321706	~,~	UNKNOWN	UNKNOWN	E					2025/08/06			EUFSR-RUS~EUFSR-RUS-VES
8263773	Primary	MAINI				VESSEL											{INT-IMO}9319870	~,~	UNKNOWN	UNKNOWN	E					2025/08/06			EUFSR-RUS~EUFSR-RUS-VES
8263967	Primary	STARLIT				VESSEL											{INT-IMO}9257022	~,~	UNKNOWN	UNKNOWN	E					2025/08/06			EUFSR-RUS~EUFSR-RUS-VES
8264000	Primary	UDAYA				VESSEL											{INT-IMO}9288746	~,~	UNKNOWN	UNKNOWN	E					2025/08/06			EUFSR-RUS~EUFSR-RUS-VES
8264031	Primary	RU YI				VESSEL											{INT-IMO}9345623	~,~	UNKNOWN	UNKNOWN	E					2025/08/07			EUFSR-RUS~EUFSR-RUS-VES
8264062	Primary	OILSTAR				VESSEL											{INT-IMO}9310525	~,~	UNKNOWN	UNKNOWN	E					2025/08/08			EUFSR-RUS~EUFSR-RUS-VES
8264074	Primary	ARYABHATA				VESSEL											{INT-IMO}9319882	~,~	UNKNOWN	UNKNOWN	E					2025/10/23			EUFSR-RUS~EUFSR-RUS-VES
8264091	Primary	JUMBO				VESSEL											{INT-IMO}9290335	~,~	UNKNOWN	UNKNOWN	E					2025/08/06			EUFSR-RUS~EUFSR-RUS-VES
8264111	Primary	FIRN				VESSEL											{INT-IMO}9224441	~,~	UNKNOWN	UNKNOWN	E					2025/10/24			EUFSR-RUS~EUFSR-RUS-VES
8264630	Primary	JALDHARA				VESSEL											{INT-IMO}9304825	~,~	UNKNOWN	UNKNOWN	E					2025/08/07			EUFSR-RUS~EUFSR-RUS-VES
8264730	Primary	DIVA I				VESSEL											{INT-IMO}9297371	~,~	UNKNOWN	UNKNOWN	E					2025/08/07			EUFSR-RUS~EUFSR-RUS-VES
8298347	Primary	SOORAJ				VESSEL											{INT-IMO}9332834	~,~	UNKNOWN	UNKNOWN	E					2025/08/08			EUFSR-RUS~EUFSR-RUS-VES
8298354	Primary	RIGEL				VESSEL											{INT-IMO}9296406	~,~	UNKNOWN	UNKNOWN	E					2025/08/07			EUFSR-RUS~EUFSR-RUS-VES
8298873	Primary	SHANGRI LA				VESSEL											{INT-IMO}9274434	~,~	UNKNOWN	UNKNOWN	E					2025/10/23			EUFSR-RUS~EUFSR-RUS-VES
8298922	Primary	ADONIA				VESSEL											{INT-IMO}9242223	~,~	UNKNOWN	UNKNOWN	E					2025/10/24			EUFSR-RUS~EUFSR-RUS-VES
8299538	Primary	SAGITTA				VESSEL											{INT-IMO}9296822	~,~	UNKNOWN	UNKNOWN	E					2025/08/07			EUFSR-RUS~EUFSR-RUS-VES
8301065	Primary	MIKATI				VESSEL											{INT-IMO}9250892	~,~	UNKNOWN	UNKNOWN	E					2025/08/08			EUFSR-RUS~EUFSR-RUS-VES
8303111	Primary	RIMMA				VESSEL											{INT-IMO}9337901	~,~	UNKNOWN	UNKNOWN	E					2025/10/23			EUFSR-RUS~EUFSR-RUS-VES
8303638	Primary	TM HAI HA 568				VESSEL											{INT-IMO}9274082	~,~	UNKNOWN	UNKNOWN	E					2026/04/24			EUFSR-RUS~EUFSR-RUS-VES
8303641	Primary	ACHILLES				VESSEL											{INT-IMO}9368223	~,~	UNKNOWN	UNKNOWN	E					2025/08/07			EUFSR-RUS~EUFSR-RUS-VES
8314964	Primary	CORUM				VESSEL											{INT-IMO}9544281	~,~	UNKNOWN	UNKNOWN	E					2025/08/06			EUFSR-RUS~EUFSR-RUS-VES
8327159	Primary	CLYDE NOBLE				VESSEL											{INT-IMO}9282792	~,~	UNKNOWN	UNKNOWN	E					2025/08/07			EUFSR-RUS~EUFSR-RUS-VES
8327172	Primary	GREAT JACOMBO				VESSEL											{INT-IMO}9319703	~,~	UNKNOWN	UNKNOWN	E					2025/08/05			EUFSR-RUS~EUFSR-RUS-VES
8327184	Primary	MITZEL				VESSEL											{INT-IMO}9233741	~,~	UNKNOWN	UNKNOWN	E					2025/08/06			EUFSR-RUS~EUFSR-RUS-VES
8327184	Alias	MITZEL		Olivia		VESSEL											{INT-IMO}9233741	~,~	UNKNOWN	UNKNOWN	E					2025/08/06			EUFSR-RUS~EUFSR-RUS-VES
8327216	Primary	YODAN				VESSEL											{INT-IMO}9304356	~,~	UNKNOWN	UNKNOWN	E					2025/08/07			EUFSR-RUS~EUFSR-RUS-VES
8327337	Primary	KATIUSKA				VESSEL											{INT-IMO}9236004	~,~	UNKNOWN	UNKNOWN	E					2025/08/06			EUFSR-RUS~EUFSR-RUS-VES
8327359	Primary	ARLAN				VESSEL											{INT-IMO}9227443	~,~	UNKNOWN	UNKNOWN	E					2025/08/07			EUFSR-RUS~EUFSR-RUS-VES
8327376	Primary	THANE				VESSEL											{INT-IMO}9237228	~,~	UNKNOWN	UNKNOWN	E					2025/08/06			EUFSR-RUS~EUFSR-RUS-VES
8327421	Primary	RAVEN				VESSEL											{INT-IMO}9205067	~,~	UNKNOWN	UNKNOWN	E					2025/08/07			EUFSR-RUS~EUFSR-RUS-VES
8339296	Primary	AGNES				VESSEL											{INT-IMO}9314167	~,~	UNKNOWN	UNKNOWN	E					2025/08/06			EUFSR-RUS~EUFSR-RUS-VES
8339306	Primary	AILAMA				VESSEL											{INT-IMO}9232888	~,~	UNKNOWN	UNKNOWN	E					2025/08/15			EUFSR-RUS~EUFSR-RUS-VES
8339375	Primary	YI MENG SHAN				VESSEL											{INT-IMO}9436941	~,~	UNKNOWN	UNKNOWN	E					2025/08/05			EUFSR-RUS~EUFSR-RUS-VES
8339375	Alias	YI MENG SHAN		Attica		VESSEL											{INT-IMO}9436941	~,~	UNKNOWN	UNKNOWN	E					2025/08/05			EUFSR-RUS~EUFSR-RUS-VES
8339391	Primary	MADHAV				VESSEL											{INT-IMO}9353096	~,~	UNKNOWN	UNKNOWN	E					2025/08/06			EUFSR-RUS~EUFSR-RUS-VES
8339394	Primary	PEACE				VESSEL											{INT-IMO}9249130	~,~	UNKNOWN	UNKNOWN	E					2025/08/08			EUFSR-RUS~EUFSR-RUS-VES
8339426	Primary	INVICTA				VESSEL											{INT-IMO}9250543	~,~	UNKNOWN	UNKNOWN	E					2025/08/06			EUFSR-RUS~EUFSR-RUS-VES
8339500	Primary	HULDA				VESSEL											{INT-IMO}9290309	~,~	UNKNOWN	UNKNOWN	E					2025/08/07			EUFSR-RUS~EUFSR-RUS-VES
8344234	Primary	ARABESCA				VESSEL											{INT-IMO}9288734	~,~	UNKNOWN	UNKNOWN	E					2025/08/06			EUFSR-RUS~EUFSR-RUS-VES
8344246	Primary	RANGLER				VESSEL											{INT-IMO}9206671	~,~	UNKNOWN	UNKNOWN	E					2025/08/06			EUFSR-RUS~EUFSR-RUS-VES
8344257	Primary	LONG BAI				VESSEL											{INT-IMO}9388754	~,~	UNKNOWN	UNKNOWN	E					2025/08/07			EUFSR-RUS~EUFSR-RUS-VES
8344266	Primary	SIKAR				VESSEL											{INT-IMO}9419137	~,~	UNKNOWN	UNKNOWN	E					2025/08/06			EUFSR-RUS~EUFSR-RUS-VES
8345090	Primary	AQUA TITAN				VESSEL											{INT-IMO}9332781	~,~	UNKNOWN	UNKNOWN	E					2025/08/06			EUFSR-RUS~EUFSR-RUS-VES
8345090	Alias	AQUA TITAN		Lang Ya		VESSEL											{INT-IMO}9332781	~,~	UNKNOWN	UNKNOWN	E					2025/08/06			EUFSR-RUS~EUFSR-RUS-VES
8345104	Primary	BAI LU				VESSEL											{INT-IMO}9388780	~,~	UNKNOWN	UNKNOWN	E					2025/10/23			EUFSR-RUS~EUFSR-RUS-VES
8345114	Primary	THYA				VESSEL											{INT-IMO}9283289	~,~	UNKNOWN	UNKNOWN	E					2025/08/07			EUFSR-RUS~EUFSR-RUS-VES
8345128	Primary	NOCTIS				VESSEL											{INT-IMO}9258868	~,~	UNKNOWN	UNKNOWN	E					2025/08/06			EUFSR-RUS~EUFSR-RUS-VES
8345128	Alias	NOCTIS		Asher		VESSEL											{INT-IMO}9258868	~,~	UNKNOWN	UNKNOWN	E					2025/08/06			EUFSR-RUS~EUFSR-RUS-VES
8345128	Alias	NOCTIS		Luna		VESSEL											{INT-IMO}9258868	~,~	UNKNOWN	UNKNOWN	E					2025/08/06			EUFSR-RUS~EUFSR-RUS-VES
8348718	Primary	LIETO				VESSEL											{INT-IMO}9389679	~,~	UNKNOWN	UNKNOWN	E					2025/08/06			EUFSR-RUS~EUFSR-RUS-VES
8348769	Primary	CINDY				VESSEL											{INT-IMO}9270517	~,~	UNKNOWN	UNKNOWN	E					2025/08/07			EUFSR-RUS~EUFSR-RUS-VES
8348779	Primary	SUN				VESSEL											{INT-IMO}9293117	~,~	UNKNOWN	UNKNOWN	E					2025/08/07			EUFSR-RUS~EUFSR-RUS-VES
8348808	Primary	GANGA				VESSEL											{INT-IMO}9378620	~,~	UNKNOWN	UNKNOWN	E					2025/08/07			EUFSR-RUS~EUFSR-RUS-VES
8348839	Primary	ASTRAL				VESSEL											{INT-IMO}9274800	~,~	UNKNOWN	UNKNOWN	E					2025/10/23			EUFSR-RUS~EUFSR-RUS-VES
8348855	Primary	YANHU				VESSEL											{INT-IMO}9297357	~,~	UNKNOWN	UNKNOWN	E					2025/08/08			EUFSR-RUS~EUFSR-RUS-VES
8348928	Primary	FIORA				VESSEL											{INT-IMO}9282493	~,~	UNKNOWN	UNKNOWN	E					2025/08/06			EUFSR-RUS~EUFSR-RUS-VES
8360975	Primary	PANDA				VESSEL											{INT-IMO}9284582	~,~	UNKNOWN	UNKNOWN	E					2025/08/06			EUFSR-RUS~EUFSR-RUS-VES
8360997	Primary	OLIA				VESSEL											{INT-IMO}9268112	~,~	UNKNOWN	UNKNOWN	E					2025/08/07			EUFSR-RUS~EUFSR-RUS-VES
8361027	Primary	LEOPARD				VESSEL											{INT-IMO}9284594	~,~	UNKNOWN	UNKNOWN	E					2025/08/07			EUFSR-RUS~EUFSR-RUS-VES
8362355	Primary	KOEN				VESSEL											{INT-IMO}9199127	~,~	UNKNOWN	UNKNOWN	E					2025/08/15			EUFSR-RUS~EUFSR-RUS-VES
8362371	Primary	TURACO				VESSEL											{INT-IMO}9247780	~,~	UNKNOWN	UNKNOWN	E					2025/08/06			EUFSR-RUS~EUFSR-RUS-VES
8364675	Primary	DASHAN				VESSEL											{INT-IMO}9299666	~,~	UNKNOWN	UNKNOWN	E					2025/08/05			EUFSR-RUS~EUFSR-RUS-VES
8364675	Alias	DASHAN		Mianzimu		VESSEL											{INT-IMO}9299666	~,~	UNKNOWN	UNKNOWN	E					2025/08/05			EUFSR-RUS~EUFSR-RUS-VES
8364690	Primary	MARABELLA SUN				VESSEL											{INT-IMO}9323376	~,~	UNKNOWN	UNKNOWN	E					2025/08/05			EUFSR-RUS~EUFSR-RUS-VES
8365335	Primary	PONTUS I				VESSEL											{INT-IMO}9255660	~,~	UNKNOWN	UNKNOWN	E					2025/08/06			EUFSR-RUS~EUFSR-RUS-VES
8365348	Primary	GARASAN				VESSEL											{INT-IMO}9323986	~,~	UNKNOWN	UNKNOWN	E					2025/08/06			EUFSR-RUS~EUFSR-RUS-VES
8365502	Primary	BULL				VESSEL											{INT-IMO}9292503	~,~	UNKNOWN	UNKNOWN	E					2025/08/05			EUFSR-RUS~EUFSR-RUS-VES
8365539	Primary	BENEDICT				VESSEL											{INT-IMO}9293155	~,~	UNKNOWN	UNKNOWN	E					2025/08/06			EUFSR-RUS~EUFSR-RUS-VES
8365539	Alias	BENEDICT		Junia		VESSEL											{INT-IMO}9293155	~,~	UNKNOWN	UNKNOWN	E					2025/08/06			EUFSR-RUS~EUFSR-RUS-VES
8365641	Primary	MINERVA M				VESSEL											{INT-IMO}9282479	~,~	UNKNOWN	UNKNOWN	E					2025/08/06			EUFSR-RUS~EUFSR-RUS-VES
8371844	Primary	HU PO				VESSEL											{INT-IMO}9319686	~,~	UNKNOWN	UNKNOWN	E					2025/08/07			EUFSR-RUS~EUFSR-RUS-VES
8375297	Primary	HERA				VESSEL											{INT-IMO}9326720	~,~	UNKNOWN	UNKNOWN	E					2025/08/06			EUFSR-RUS~EUFSR-RUS-VES
8375315	Primary	TIBURON				VESSEL											{INT-IMO}9283291	~,~	UNKNOWN	UNKNOWN	E					2025/08/07			EUFSR-RUS~EUFSR-RUS-VES
8375323	Primary	EVENTIN				VESSEL											{INT-IMO}9308065	~,~	UNKNOWN	UNKNOWN	E					2025/08/06			EUFSR-RUS~EUFSR-RUS-VES
8375344	Primary	TYCHE 1				VESSEL											{INT-IMO}9308077	~,~	UNKNOWN	UNKNOWN	E					2025/12/18			EUFSR-RUS~EUFSR-RUS-VES
8375351	Primary	VERNAL				VESSEL											{INT-IMO}9207027	~,~	UNKNOWN	UNKNOWN	E					2025/08/08			EUFSR-RUS~EUFSR-RUS-VES
8375367	Primary	TOREX				VESSEL											{INT-IMO}9257814	~,~	UNKNOWN	UNKNOWN	E					2025/08/07			EUFSR-RUS~EUFSR-RUS-VES
8375381	Primary	NAUTILUS				VESSEL											{INT-IMO}9434890	~,~	UNKNOWN	UNKNOWN	E					2025/08/08			EUFSR-RUS~EUFSR-RUS-VES
8376560	Primary	SAKARYA				VESSEL											{INT-IMO}9524463	~,~	UNKNOWN	UNKNOWN	E					2025/08/07			EUFSR-RUS~EUFSR-RUS-VES
8376571	Primary	TASSOS				VESSEL											{INT-IMO}9408695	~,~	UNKNOWN	UNKNOWN	E					2025/10/24			EUFSR-RUS~EUFSR-RUS-VES
8376579	Primary	DESTAMAR				VESSEL											{INT-IMO}9253894	~,~	UNKNOWN	UNKNOWN	E					2025/08/07			EUFSR-RUS~EUFSR-RUS-VES
8376593	Primary	MAKALU				VESSEL											{INT-IMO}9314105	~,~	UNKNOWN	UNKNOWN	E					2025/08/07			EUFSR-RUS~EUFSR-RUS-VES
8376607	Primary	MERU				VESSEL											{INT-IMO}9187227	~,~	UNKNOWN	UNKNOWN	E					2025/08/06			EUFSR-RUS~EUFSR-RUS-VES
8376633	Primary	OLAF 1				VESSEL											{INT-IMO}9224465	~,~	UNKNOWN	UNKNOWN	E					2025/08/07			EUFSR-RUS~EUFSR-RUS-VES
8376656	Primary	ZEVS				VESSEL											{INT-IMO}9168946	~,~	UNKNOWN	UNKNOWN	E					2025/08/07			EUFSR-RUS~EUFSR-RUS-VES
8376887	Primary	EAGLE S				VESSEL											{INT-IMO}9329760	~,~	UNKNOWN	UNKNOWN	E					2025/08/06			EUFSR-RUS~EUFSR-RUS-VES
8379817	Primary	SEABASS				VESSEL											{INT-IMO}9266750	~,~	UNKNOWN	UNKNOWN	E					2025/08/07			EUFSR-RUS~EUFSR-RUS-VES
8388094	Primary	APUS				VESSEL											{INT-IMO}9280885	~,~	UNKNOWN	UNKNOWN	E					2025/10/23			EUFSR-RUS~EUFSR-RUS-VES
8388096	Primary	AQUATICA				VESSEL											{INT-IMO}9299769	~,~	UNKNOWN	UNKNOWN	E					2025/08/06			EUFSR-RUS~EUFSR-RUS-VES
8388098	Primary	SPRING				VESSEL											{INT-IMO}9315446	~,~	UNKNOWN	UNKNOWN	E					2025/08/07			EUFSR-RUS~EUFSR-RUS-VES
8388103	Primary	DEYNA				VESSEL											{INT-IMO}9299903	~,~	UNKNOWN	UNKNOWN	E					2025/08/06			EUFSR-RUS~EUFSR-RUS-VES
8388104	Primary	FREDA				VESSEL											{INT-IMO}9402469	~,~	UNKNOWN	UNKNOWN	E					2025/08/06			EUFSR-RUS~EUFSR-RUS-VES
8388105	Primary	HUIHAI ATLANTIC				VESSEL											{INT-IMO}9312872	~,~	UNKNOWN	UNKNOWN	E					2025/08/07			EUFSR-RUS~EUFSR-RUS-VES
8388106	Primary	HUIHAI PACIFIC				VESSEL											{INT-IMO}9346732	~,~	UNKNOWN	UNKNOWN	E					2025/08/06			EUFSR-RUS~EUFSR-RUS-VES
8388110	Primary	SI HE				VESSEL											{INT-IMO}9378618	~,~	UNKNOWN	UNKNOWN	E					2025/08/06			EUFSR-RUS~EUFSR-RUS-VES
8388112	Primary	MALAK				VESSEL											{INT-IMO}9378632	~,~	UNKNOWN	UNKNOWN	E					2025/08/07			EUFSR-RUS~EUFSR-RUS-VES
8388112	Alias	MALAK		Ping An		VESSEL											{INT-IMO}9378632	~,~	UNKNOWN	UNKNOWN	E					2025/08/07			EUFSR-RUS~EUFSR-RUS-VES
8388115	Primary	PRAVASI				VESSEL											{INT-IMO}9409467	~,~	UNKNOWN	UNKNOWN	E					2025/08/06			EUFSR-RUS~EUFSR-RUS-VES
8388119	Primary	AULIS				VESSEL											{INT-IMO}9233765	~,~	UNKNOWN	UNKNOWN	E					2025/08/08			EUFSR-RUS~EUFSR-RUS-VES
8388120	Primary	SABINA				VESSEL											{INT-IMO}9524451	~,~	UNKNOWN	UNKNOWN	E					2025/10/27			EUFSR-RUS~EUFSR-RUS-VES
8388122	Primary	SAKINA				VESSEL											{INT-IMO}9530917	~,~	UNKNOWN	UNKNOWN	E					2025/08/07			EUFSR-RUS~EUFSR-RUS-VES
8388123	Primary	VIRAT				VESSEL											{INT-IMO}9832559	~,~	UNKNOWN	UNKNOWN	E					2025/08/07			EUFSR-RUS~EUFSR-RUS-VES
8388127	Primary	VELMAR				VESSEL											{INT-IMO}9832547	~,~	UNKNOWN	UNKNOWN	E					2025/08/07			EUFSR-RUS~EUFSR-RUS-VES
8388127	Alias	VELMAR		Venture		VESSEL											{INT-IMO}9832547	~,~	UNKNOWN	UNKNOWN	E					2025/08/07			EUFSR-RUS~EUFSR-RUS-VES
8388128	Primary	CANGJIE				VESSEL											{INT-IMO}9299680	~,~	UNKNOWN	UNKNOWN	E					2025/08/07			EUFSR-RUS~EUFSR-RUS-VES
8388129	Primary	SIRIUS I				VESSEL											{INT-IMO}9285847	~,~	UNKNOWN	UNKNOWN	E					2025/08/07			EUFSR-RUS~EUFSR-RUS-VES
8388130	Primary	CANARA				VESSEL											{INT-IMO}9411331	~,~	UNKNOWN	UNKNOWN	E					2025/08/07			EUFSR-RUS~EUFSR-RUS-VES
8391940	Primary	CORDELIA MOON				VESSEL											{INT-IMO}9297888	~,~	UNKNOWN	UNKNOWN	E					2025/08/07			EUFSR-RUS~EUFSR-RUS-VES
8402321	Primary	TREND				VESSEL											{INT-IMO}9231509	~,~	UNKNOWN	UNKNOWN	E					2025/08/06			EUFSR-RUS~EUFSR-RUS-VES
8402369	Primary	NEON				VESSEL											{INT-IMO}9183295	~,~	UNKNOWN	UNKNOWN	E					2025/08/06			EUFSR-RUS~EUFSR-RUS-VES
8438502	Primary	NICHOLE				VESSEL											{INT-IMO}9332822	~,~	UNKNOWN	UNKNOWN	E					2025/08/05			EUFSR-RUS~EUFSR-RUS-VES
8438513	Primary	FENGHUANG				VESSEL											{INT-IMO}9236248	~,~	UNKNOWN	UNKNOWN	E					2025/12/18			EUFSR-RUS~EUFSR-RUS-VES
8438517	Primary	CHEN LU				VESSEL											{INT-IMO}9404948	~,~	UNKNOWN	UNKNOWN	E					2025/08/05			EUFSR-RUS~EUFSR-RUS-VES
8438523	Primary	PRS OCEAN				VESSEL											{INT-IMO}9276561	~,~	UNKNOWN	UNKNOWN	E					2025/08/06			EUFSR-RUS~EUFSR-RUS-VES
8438530	Primary	DELIVER				VESSEL											{INT-IMO}9194983	~,~	UNKNOWN	UNKNOWN	E					2025/08/06			EUFSR-RUS~EUFSR-RUS-VES
8438695	Primary	EDERRA				VESSEL											{INT-IMO}9258026	~,~	UNKNOWN	UNKNOWN	E					2025/08/06			EUFSR-RUS~EUFSR-RUS-VES
8438902	Primary	MA JIN				VESSEL											{INT-IMO}9346744	~,~	UNKNOWN	UNKNOWN	E					2025/08/06			EUFSR-RUS~EUFSR-RUS-VES
8439193	Primary	T CEREAL				VESSEL											{INT-IMO}9286073	~,~	UNKNOWN	UNKNOWN	E					2025/08/06			EUFSR-RUS~EUFSR-RUS-VES
8439193	Alias	T CEREAL		Rolin		VESSEL											{INT-IMO}9286073	~,~	UNKNOWN	UNKNOWN	E					2025/08/06			EUFSR-RUS~EUFSR-RUS-VES
8450155	Primary	NEMRUT				VESSEL											{INT-IMO}9439541	~,~	UNKNOWN	UNKNOWN	E					2025/10/23			EUFSR-RUS~EUFSR-RUS-VES
8478620	Primary	HORAE				VESSEL											{INT-IMO}9413004	~,~	UNKNOWN	UNKNOWN	E					2026/04/24			EUFSR-RUS~EUFSR-RUS-VES
8479741	Primary	OMNI				VESSEL											{INT-IMO}9400980	~,~	UNKNOWN	UNKNOWN	E					2025/10/23			EUFSR-RUS~EUFSR-RUS-VES
8479811	Primary	ONEIROI				VESSEL											{INT-IMO}9390587	~,~	UNKNOWN	UNKNOWN	E					2026/04/24			EUFSR-RUS~EUFSR-RUS-VES
8479830	Primary	VERSA				VESSEL											{INT-IMO}9379301	~,~	UNKNOWN	UNKNOWN	E					2026/04/24			EUFSR-RUS~EUFSR-RUS-VES
8480069	Primary	SAATHI				VESSEL											{INT-IMO}9402732	~,~	UNKNOWN	UNKNOWN	E					2025/08/06			EUFSR-RUS~EUFSR-RUS-VES
8480069	Alias	SAATHI		Onrim		VESSEL											{INT-IMO}9402732	~,~	UNKNOWN	UNKNOWN	E					2025/08/06			EUFSR-RUS~EUFSR-RUS-VES
8481262	Primary	CHONGCHON				VESSEL											{INT-IMO}9294123	~,~	UNKNOWN	UNKNOWN	E					2025/10/23			EUFSR-RUS~EUFSR-RUS-VES
8481277	Primary	NAXOS				VESSEL											{INT-IMO}9336426	~,~	UNKNOWN	UNKNOWN	E					2025/08/08			EUFSR-RUS~EUFSR-RUS-VES
8481292	Primary	PATE (FORMERLY SHAANXI)				VESSEL											{INT-IMO}9338905	~,~	UNKNOWN	UNKNOWN	E					2025/08/08			EUFSR-RUS~EUFSR-RUS-VES
8494583	Primary	BERRA				VESSEL											{INT-IMO}9308821	~,~	UNKNOWN	UNKNOWN	E					2025/08/06			EUFSR-RUS~EUFSR-RUS-VES
8494645	Primary	CARUZO				VESSEL											{INT-IMO}9137648	~,~	UNKNOWN	UNKNOWN	E					2025/08/07			EUFSR-RUS~EUFSR-RUS-VES
8504553	Primary	SOFOS				VESSEL											{INT-IMO}9278064	~,~	UNKNOWN	UNKNOWN	E					2025/10/23			EUFSR-RUS~EUFSR-RUS-VES
8506725	Primary	MANASLU				VESSEL											{INT-IMO}9388027	~,~	UNKNOWN	UNKNOWN	E					2025/10/23			EUFSR-RUS~EUFSR-RUS-VES
8506846	Primary	TOA PAYOH				VESSEL											{INT-IMO}9298492	~,~	UNKNOWN	UNKNOWN	E					2026/04/24			EUFSR-RUS~EUFSR-RUS-VES
8512808	Primary	ABHRA				VESSEL											{INT-IMO}9282041	~,~	UNKNOWN	UNKNOWN	E					2026/04/24			EUFSR-RUS~EUFSR-RUS-VES
8512880	Primary	INA				VESSEL											{INT-IMO}9308443	~,~	UNKNOWN	UNKNOWN	E					2025/08/07			EUFSR-RUS~EUFSR-RUS-VES
8513524	Primary	CHEETAH II				VESSEL											{INT-IMO}9222560	~,~	UNKNOWN	UNKNOWN	E					2025/08/07			EUFSR-RUS~EUFSR-RUS-VES
8514373	Primary	CHANDRA				VESSEL											{INT-IMO}9353125	~,~	UNKNOWN	UNKNOWN	E					2025/08/07			EUFSR-RUS~EUFSR-RUS-VES
8514702	Primary	SILVAR				VESSEL											{INT-IMO}9291262	~,~	UNKNOWN	UNKNOWN	E					2026/04/24			EUFSR-RUS~EUFSR-RUS-VES
8514833	Primary	STELLAR BEVERLY				VESSEL											{INT-IMO}9208069	~,~	UNKNOWN	UNKNOWN	E					2025/08/07			EUFSR-RUS~EUFSR-RUS-VES
8528916	Primary	OLIVE				VESSEL											{INT-IMO}9318034	~,~	UNKNOWN	UNKNOWN	E					2025/08/07			EUFSR-RUS~EUFSR-RUS-VES
8528937	Primary	ELODIE I				VESSEL											{INT-IMO}9346873	~,~	UNKNOWN	UNKNOWN	E					2025/10/23			EUFSR-RUS~EUFSR-RUS-VES
8528969	Primary	BEAST				VESSEL											{INT-IMO}9290921	~,~	UNKNOWN	UNKNOWN	E					2025/08/07			EUFSR-RUS~EUFSR-RUS-VES
8528981	Primary	MAISHA				VESSEL											{INT-IMO}9232929	~,~	UNKNOWN	UNKNOWN	E					2025/08/06			EUFSR-RUS~EUFSR-RUS-VES
8528998	Primary	BELA				VESSEL											{INT-IMO}9270749	~,~	UNKNOWN	UNKNOWN	E					2025/10/23			EUFSR-RUS~EUFSR-RUS-VES
8529010	Primary	MARBLE				VESSEL											{INT-IMO}9323974	~,~	UNKNOWN	UNKNOWN	E					2025/08/08			EUFSR-RUS~EUFSR-RUS-VES
8529012	Primary	GURUDEV				VESSEL											{INT-IMO}9253234	~,~	UNKNOWN	UNKNOWN	E					2025/08/07			EUFSR-RUS~EUFSR-RUS-VES
8529026	Primary	VARG				VESSEL											{INT-IMO}9335094	~,~	UNKNOWN	UNKNOWN	E					2025/10/23			EUFSR-RUS~EUFSR-RUS-VES
8529041	Primary	WU TAI				VESSEL											{INT-IMO}9419151	~,~	UNKNOWN	UNKNOWN	E					2025/08/08			EUFSR-RUS~EUFSR-RUS-VES
8529092	Primary	XUE SONG				VESSEL											{INT-IMO}9428358	~,~	UNKNOWN	UNKNOWN	E					2025/08/07			EUFSR-RUS~EUFSR-RUS-VES
8529095	Primary	KUSTO				VESSEL											{INT-IMO}9308833	~,~	UNKNOWN	UNKNOWN	E					2025/08/08			EUFSR-RUS~EUFSR-RUS-VES
8529116	Primary	LARK				VESSEL											{INT-IMO}9277759	~,~	UNKNOWN	UNKNOWN	E					2025/08/08			EUFSR-RUS~EUFSR-RUS-VES
8529116	Alias	LARK		Lea I		VESSEL											{INT-IMO}9277759	~,~	UNKNOWN	UNKNOWN	E					2025/08/08			EUFSR-RUS~EUFSR-RUS-VES
8531160	Primary	BLUE TALU				VESSEL											{INT-IMO}9334557	~,~	UNKNOWN	UNKNOWN	E					2025/08/07			EUFSR-RUS~EUFSR-RUS-VES
8531214	Primary	CAI YUN				VESSEL											{INT-IMO}9437983	~,~	UNKNOWN	UNKNOWN	E					2025/08/06			EUFSR-RUS~EUFSR-RUS-VES
8531244	Primary	FOTUO				VESSEL											{INT-IMO}9293959	~,~	UNKNOWN	UNKNOWN	E					2025/08/06			EUFSR-RUS~EUFSR-RUS-VES
8531276	Primary	INDRAS				VESSEL											{INT-IMO}9314894	~,~	UNKNOWN	UNKNOWN	E					2025/08/07			EUFSR-RUS~EUFSR-RUS-VES
8531290	Primary	INDUS 1				VESSEL											{INT-IMO}9360415	~,~	UNKNOWN	UNKNOWN	E					2025/10/23			EUFSR-RUS~EUFSR-RUS-VES
8531291	Primary	SOFIA K				VESSEL											{INT-IMO}9299123	~,~	UNKNOWN	UNKNOWN	E					2025/08/07			EUFSR-RUS~EUFSR-RUS-VES
8531304	Primary	TENDUA				VESSEL											{INT-IMO}9299862	~,~	UNKNOWN	UNKNOWN	E					2025/08/07			EUFSR-RUS~EUFSR-RUS-VES
8531308	Primary	DAPHNE I				VESSEL											{INT-IMO}9251456	~,~	UNKNOWN	UNKNOWN	E					2025/08/06			EUFSR-RUS~EUFSR-RUS-VES
8531318	Primary	ELISE				VESSEL											{INT-IMO}9277747	~,~	UNKNOWN	UNKNOWN	E					2025/08/08			EUFSR-RUS~EUFSR-RUS-VES
8545732	Primary	RAGNAR				VESSEL											{INT-IMO}9384095	~,~	UNKNOWN	UNKNOWN	E					2025/10/23			EUFSR-RUS~EUFSR-RUS-VES
8545807	Primary	ARABELA				VESSEL											{INT-IMO}9253313	~,~	UNKNOWN	UNKNOWN	E					2025/08/08			EUFSR-RUS~EUFSR-RUS-VES
8545814	Primary	RICCA				VESSEL											{INT-IMO}9292577	~,~	UNKNOWN	UNKNOWN	E					2025/08/07			EUFSR-RUS~EUFSR-RUS-VES
8545822	Primary	SPRING FORTUNE				VESSEL											{INT-IMO}9386536	~,~	UNKNOWN	UNKNOWN	E					2025/08/06			EUFSR-RUS~EUFSR-RUS-VES
8545829	Primary	PIERRE				VESSEL											{INT-IMO}9266877	~,~	UNKNOWN	UNKNOWN	E					2025/08/08			EUFSR-RUS~EUFSR-RUS-VES
8546972	Primary	LILY				VESSEL											{INT-IMO}9294331	~,~	UNKNOWN	UNKNOWN	E					2025/08/06			EUFSR-RUS~EUFSR-RUS-VES
8546972	Alias	LILY		Daban		VESSEL											{INT-IMO}9294331	~,~	UNKNOWN	UNKNOWN	E					2025/08/06			EUFSR-RUS~EUFSR-RUS-VES
8546994	Primary	BUDDHA				VESSEL											{INT-IMO}9283306	~,~	UNKNOWN	UNKNOWN	E					2025/08/06			EUFSR-RUS~EUFSR-RUS-VES
8547007	Primary	CENTURION				VESSEL											{INT-IMO}9380673	~,~	UNKNOWN	UNKNOWN	E					2025/08/06			EUFSR-RUS~EUFSR-RUS-VES
8547010	Primary	MANTA				VESSEL											{INT-IMO}9424651	~,~	UNKNOWN	UNKNOWN	E					2025/08/06			EUFSR-RUS~EUFSR-RUS-VES
8547030	Primary	OCEAN AUTUMN				VESSEL											{INT-IMO}9379052	~,~	UNKNOWN	UNKNOWN	E					2025/08/07			EUFSR-RUS~EUFSR-RUS-VES
8547033	Primary	OCEAN JUPITER				VESSEL											{INT-IMO}9308170	~,~	UNKNOWN	UNKNOWN	E					2025/08/07			EUFSR-RUS~EUFSR-RUS-VES
8547148	Primary	HANNAH				VESSEL											{INT-IMO}9261619	~,~	UNKNOWN	UNKNOWN	E					2025/08/07			EUFSR-RUS~EUFSR-RUS-VES
8547230	Primary	PACIFIC 01				VESSEL											{INT-IMO}9395379	~,~	UNKNOWN	UNKNOWN	E					2025/08/07			EUFSR-RUS~EUFSR-RUS-VES
8547425	Primary	FULGER				VESSEL											{INT-IMO}9326718	~,~	UNKNOWN	UNKNOWN	E					2025/08/06			EUFSR-RUS~EUFSR-RUS-VES
8547700	Primary	ECTOR				VESSEL											{INT-IMO}9288863	~,~	UNKNOWN	UNKNOWN	E					2025/08/06			EUFSR-RUS~EUFSR-RUS-VES
8547707	Primary	BOLOGNIA FALCON				VESSEL											{INT-IMO}9255244	~,~	UNKNOWN	UNKNOWN	E					2025/08/06			EUFSR-RUS~EUFSR-RUS-VES
8602407	Primary	MIRES				VESSEL											{INT-IMO}9299771	~,~	UNKNOWN	UNKNOWN	E					2025/10/23			EUFSR-RUS~EUFSR-RUS-VES
8602432	Primary	LEBRE				VESSEL											{INT-IMO}9255672	~,~	UNKNOWN	UNKNOWN	E					2025/08/08			EUFSR-RUS~EUFSR-RUS-VES
8602504	Primary	FELIKS				VESSEL											{INT-IMO}9459242	~,~	UNKNOWN	UNKNOWN	E					2025/08/08			EUFSR-RUS~EUFSR-RUS-VES
8602528	Primary	VIPER				VESSEL											{INT-IMO}9299874	~,~	UNKNOWN	UNKNOWN	E					2025/08/08			EUFSR-RUS~EUFSR-RUS-VES
8602561	Primary	MONTE I				VESSEL											{INT-IMO}9297553	~,~	UNKNOWN	UNKNOWN	E					2025/08/07			EUFSR-RUS~EUFSR-RUS-VES
8602582	Primary	SPIRIT 2				VESSEL											{INT-IMO}9409259	~,~	UNKNOWN	UNKNOWN	E					2025/10/23			EUFSR-RUS~EUFSR-RUS-VES
8619505	Primary	KHALASI				VESSEL											{INT-IMO}9293997	~,~	UNKNOWN	UNKNOWN	E					2025/12/18			EUFSR-RUS~EUFSR-RUS-VES
8619565	Primary	GARUDA				VESSEL											{INT-IMO}9272931	~,~	UNKNOWN	UNKNOWN	E					2025/10/24			EUFSR-RUS~EUFSR-RUS-VES
8661243	Primary	LISTIGA				VESSEL											{INT-IMO}9292838	~,~	UNKNOWN	UNKNOWN	E					2025/08/08			EUFSR-RUS~EUFSR-RUS-VES
8661281	Primary	LERUO				VESSEL											{INT-IMO}9385831	~,~	UNKNOWN	UNKNOWN	E					2025/08/08			EUFSR-RUS~EUFSR-RUS-VES
8661306	Primary	GOLDEN EAGLE				VESSEL											{INT-IMO}9255684	~,~	UNKNOWN	UNKNOWN	E					2025/08/08			EUFSR-RUS~EUFSR-RUS-VES
8661325	Primary	BIVOLA				VESSEL											{INT-IMO}9266865	~,~	UNKNOWN	UNKNOWN	E					2025/08/07			EUFSR-RUS~EUFSR-RUS-VES
8661358	Primary	KAI FU				VESSEL											{INT-IMO}9281009	~,~	UNKNOWN	UNKNOWN	E					2025/08/07			EUFSR-RUS~EUFSR-RUS-VES
8662545	Primary	LION I				VESSEL											{INT-IMO}9384069	~,~	UNKNOWN	UNKNOWN	E					2025/08/07			EUFSR-RUS~EUFSR-RUS-VES
8662550	Primary	SAMADHA				VESSEL											{INT-IMO}9286281	~,~	UNKNOWN	UNKNOWN	E					2025/08/07			EUFSR-RUS~EUFSR-RUS-VES
8662570	Primary	SARASWATI				VESSEL											{INT-IMO}9383869	~,~	UNKNOWN	UNKNOWN	E					2025/08/07			EUFSR-RUS~EUFSR-RUS-VES
8662642	Primary	MONARCH I				VESSEL											{INT-IMO}9377779	~,~	UNKNOWN	UNKNOWN	E					2025/08/07			EUFSR-RUS~EUFSR-RUS-VES
8662659	Primary	PRISMA				VESSEL											{INT-IMO}9299678	~,~	UNKNOWN	UNKNOWN	E					2025/08/08			EUFSR-RUS~EUFSR-RUS-VES
8662716	Primary	SEASONS I				VESSEL											{INT-IMO}9308950	~,~	UNKNOWN	UNKNOWN	E					2025/08/08			EUFSR-RUS~EUFSR-RUS-VES
8662745	Primary	SMYRTOS				VESSEL											{INT-IMO}9389100	~,~	UNKNOWN	UNKNOWN	E					2025/08/08			EUFSR-RUS~EUFSR-RUS-VES
8664134	Primary	JACKLYN				VESSEL											{INT-IMO}9313498	~,~	UNKNOWN	UNKNOWN	E					2025/08/07			EUFSR-RUS~EUFSR-RUS-VES
8664161	Primary	VISION				VESSEL											{INT-IMO}9236016	~,~	UNKNOWN	UNKNOWN	E					2025/08/08			EUFSR-RUS~EUFSR-RUS-VES
8664163	Primary	LUMIN				VESSEL											{INT-IMO}9330599	~,~	UNKNOWN	UNKNOWN	E					2025/08/08			EUFSR-RUS~EUFSR-RUS-VES
8664164	Primary	MINION				VESSEL											{INT-IMO}9389095	~,~	UNKNOWN	UNKNOWN	E					2025/08/08			EUFSR-RUS~EUFSR-RUS-VES
8664165	Primary	MARS 6				VESSEL											{INT-IMO}9384992	~,~	UNKNOWN	UNKNOWN	E					2025/08/08			EUFSR-RUS~EUFSR-RUS-VES
8664166	Primary	INDRI				VESSEL											{INT-IMO}9247429	~,~	UNKNOWN	UNKNOWN	E					2025/08/08			EUFSR-RUS~EUFSR-RUS-VES
8666275	Primary	SEGINUS				VESSEL											{INT-IMO}9256028	~,~	UNKNOWN	UNKNOWN	E					2025/08/08			EUFSR-RUS~EUFSR-RUS-VES
8682840	Primary	AETHER				VESSEL											{INT-IMO}9328170	~,~	UNKNOWN	UNKNOWN	E					2026/04/24			EUFSR-RUS~EUFSR-RUS-VES
8682850	Primary	EVERDINE				VESSEL											{INT-IMO}9382073	~,~	UNKNOWN	UNKNOWN	E					2025/10/23			EUFSR-RUS~EUFSR-RUS-VES
8682919	Primary	GUANYIN				VESSEL											{INT-IMO}9299707	~,~	UNKNOWN	UNKNOWN	E					2025/10/24			EUFSR-RUS~EUFSR-RUS-VES
8682922	Primary	ETHERA				VESSEL											{INT-IMO}9387279	~,~	UNKNOWN	UNKNOWN	E					2025/10/24			EUFSR-RUS~EUFSR-RUS-VES
8682924	Primary	BREEZ				VESSEL											{INT-IMO}9247778	~,~	UNKNOWN	UNKNOWN	E					2025/12/18			EUFSR-RUS~EUFSR-RUS-VES
8682926	Primary	MYRA				VESSEL											{INT-IMO}9336490	~,~	UNKNOWN	UNKNOWN	E					2025/10/23			EUFSR-RUS~EUFSR-RUS-VES
8682952	Primary	ZALE				VESSEL											{INT-IMO}9321718	~,~	UNKNOWN	UNKNOWN	E					2025/10/23			EUFSR-RUS~EUFSR-RUS-VES
8685883	Primary	BOLU				VESSEL											{INT-IMO}9439539	~,~	UNKNOWN	UNKNOWN	E					2025/10/24			EUFSR-RUS~EUFSR-RUS-VES
8685884	Primary	SAMOS				VESSEL											{INT-IMO}9408190	~,~	UNKNOWN	UNKNOWN	E					2025/10/23			EUFSR-RUS~EUFSR-RUS-VES
8759304	Primary	INNOVATOR				VESSEL											{INT-IMO}9306809	~,~	UNKNOWN	UNKNOWN	E					2025/12/18			EUFSR-RUS~EUFSR-RUS-VES
8759925	Primary	SIREN II				VESSEL											{INT-IMO}9337195	~,~	UNKNOWN	UNKNOWN	E					2026/04/24			EUFSR-RUS~EUFSR-RUS-VES
8788547	Primary	STAR MM				VESSEL											{INT-IMO}9186625	~,~	UNKNOWN	UNKNOWN	E					2025/12/18			EUFSR-RUS~EUFSR-RUS-VES
8832291	Primary	AURA MARIS				VESSEL											{INT-IMO}9347308	~,~	UNKNOWN	UNKNOWN	E					2025/12/18			EUFSR-RUS~EUFSR-RUS-VES
8832299	Primary	HITIT				VESSEL											{INT-IMO}9311751	~,~	UNKNOWN	UNKNOWN	E					2025/12/18			EUFSR-RUS~EUFSR-RUS-VES
8832307	Primary	SEA OWL I				VESSEL											{INT-IMO}9321172	~,~	UNKNOWN	UNKNOWN	E					2025/10/23			EUFSR-RUS~EUFSR-RUS-VES
8832341	Primary	TANGO 2				VESSEL											{INT-IMO}9389071	~,~	UNKNOWN	UNKNOWN	E					2025/10/23			EUFSR-RUS~EUFSR-RUS-VES
8832370	Primary	OCEAN II				VESSEL											{INT-IMO}9233777	~,~	UNKNOWN	UNKNOWN	E					2026/04/24			EUFSR-RUS~EUFSR-RUS-VES
8832402	Primary	TORX				VESSEL											{INT-IMO}9311610	~,~	UNKNOWN	UNKNOWN	E					2025/10/24			EUFSR-RUS~EUFSR-RUS-VES
8832405	Primary	TRANQUIL SEA				VESSEL											{INT-IMO}9323340	~,~	UNKNOWN	UNKNOWN	E					2025/10/23			EUFSR-RUS~EUFSR-RUS-VES
8832510	Primary	TIGER 6				VESSEL											{INT-IMO}9389083	~,~	UNKNOWN	UNKNOWN	E					2026/04/24			EUFSR-RUS~EUFSR-RUS-VES
8836745	Primary	INTEGRITY RACER				VESSEL											{INT-IMO}9270555	~,~	UNKNOWN	UNKNOWN	E					2026/04/24			EUFSR-RUS~EUFSR-RUS-VES
8845227	Primary	CAROLINE BEZENGI				VESSEL											{INT-IMO}9224439	~,~	UNKNOWN	UNKNOWN	E					2025/10/24			EUFSR-RUS~EUFSR-RUS-VES
8845284	Primary	MAVERICK				VESSEL											{INT-IMO}9321562	~,~	UNKNOWN	UNKNOWN	E					2025/10/23			EUFSR-RUS~EUFSR-RUS-VES
8845325	Primary	URIEL				VESSEL											{INT-IMO}9336517	~,~	UNKNOWN	UNKNOWN	E					2025/10/23			EUFSR-RUS~EUFSR-RUS-VES
8845360	Primary	ADITYA				VESSEL											{INT-IMO}9323314	~,~	UNKNOWN	UNKNOWN	E					2025/10/24			EUFSR-RUS~EUFSR-RUS-VES
8845397	Primary	COATLICUE				VESSEL											{INT-IMO}9235000	~,~	UNKNOWN	UNKNOWN	E					2025/10/24			EUFSR-RUS~EUFSR-RUS-VES
8845420	Primary	KATY				VESSEL											{INT-IMO}9323326	~,~	UNKNOWN	UNKNOWN	E					2025/10/24			EUFSR-RUS~EUFSR-RUS-VES
8845430	Primary	KAYSERI				VESSEL											{INT-IMO}9292199	~,~	UNKNOWN	UNKNOWN	E					2025/10/24			EUFSR-RUS~EUFSR-RUS-VES
8845438	Primary	KONYA				VESSEL											{INT-IMO}9290373	~,~	UNKNOWN	UNKNOWN	E					2025/10/24			EUFSR-RUS~EUFSR-RUS-VES
8846788	Primary	MARJORIE				VESSEL											{INT-IMO}9296377	~,~	UNKNOWN	UNKNOWN	E					2026/04/24			EUFSR-RUS~EUFSR-RUS-VES
8847614	Primary	BHILVA				VESSEL											{INT-IMO}9439383	~,~	UNKNOWN	UNKNOWN	E					2026/04/24			EUFSR-RUS~EUFSR-RUS-VES
8847805	Primary	LING HONG				VESSEL											{INT-IMO}9408542	~,~	UNKNOWN	UNKNOWN	E					2026/04/24			EUFSR-RUS~EUFSR-RUS-VES
8854448	Primary	LUNA LUSTER				VESSEL											{INT-IMO}9292187	~,~	UNKNOWN	UNKNOWN	E					2026/04/24			EUFSR-RUS~EUFSR-RUS-VES
8899745	Primary	ATMOS				VESSEL											{INT-IMO}9337418	~,~	UNKNOWN	UNKNOWN	E					2026/04/24			EUFSR-RUS~EUFSR-RUS-VES
8922217	Primary	KURDOS III				VESSEL											{INT-IMO}9380570	~,~	UNKNOWN	UNKNOWN	E					2026/04/24			EUFSR-RUS~EUFSR-RUS-VES
8983439	Primary	DOVE				VESSEL											{INT-IMO}9297541	~,~	UNKNOWN	UNKNOWN	E					2026/05/04			EUFSR-RUS~EUFSR-RUS-VES
9002045	Primary	ELBUS				VESSEL											{INT-IMO}9290385	~,~	UNKNOWN	UNKNOWN	E					2026/04/24			EUFSR-RUS~EUFSR-RUS-VES
9024969	Primary	SEADAR				VESSEL											{INT-IMO}9333785	~,~	UNKNOWN	UNKNOWN	E					2026/04/24			EUFSR-RUS~EUFSR-RUS-VES
9024987	Primary	CAPELLA MB				VESSEL											{INT-IMO}9343986	~,~	UNKNOWN	UNKNOWN	E					2026/04/24			EUFSR-RUS~EUFSR-RUS-VES
9024987	Alias	CAPELLA MB		SEVEN PEARLS		VESSEL											{INT-IMO}9343986	~,~	UNKNOWN	UNKNOWN	E					2026/04/24			EUFSR-RUS~EUFSR-RUS-VES
9025010	Primary	MARVEN				VESSEL											{INT-IMO}9305556	~,~	UNKNOWN	UNKNOWN	E					2026/04/24			EUFSR-RUS~EUFSR-RUS-VES
9025706	Primary	KRITI VIGOR				VESSEL											{INT-IMO}9290397	~,~	UNKNOWN	UNKNOWN	E					2026/04/24			EUFSR-RUS~EUFSR-RUS-VES
